:020000040800F2
:10000000B02D0024B1030008B75E000807590008AE
:10001000B55E0008F5070008556A000800000000FA
:10002000000000000000000000000000BB5E0008AF
:100030003508000800000000B95E0008BD5E000839
:10004000CB030008CB030008CB030008CB03000858
:10005000CB030008CB030008CB030008CB03000848
:10006000CB030008CB030008CB030008CB03000838
:10007000F907000805080008110800081D08000815
:10008000CB030008CB030008CB030008610800087D
:100090006D080008CB030008CB030008CB03000861
:1000A000CB030008CB030008CB030008CB030008F8
:1000B000CB030008CB030008815F0008CB030008D6
:1000C000CB030008CB030008CB030008CB030008D8
:1000D000CB030008496A0008CB030008CB030008E3
:1000E00037080008CB03000800000000CB0300081D
:1000F000CB030008CB030008CB030008CB030008A8
:10010000CB030008CB0300088D5F0008CB03000879
:10011000CB03000851620008CB030008CB030008A2
:1001200029080008CB030008CB030008CB03000814
:10013000CB030008CB030008CB030008CB03000867
:1001400000000000000000000000000000000000AF
:10015000CB030008CB030008CB030008CB03000847
:10016000CB030008CB030008CB030008CB03000837
:10017000CB030008CB030008CB03000800000000FD
:10018000CB030008CB030008CB030008CB03000817
:10019000CB030008CB030008CB030008CB03000807
:1001A000CB030008CB030008CB03000800000000CD
:1001B000CB030008CB030008CB030008CB030008E7
:1001C000CB030008CB030008000000000000000083
:1001D0000000000000000000CB0300080000000049
:1001E000000000000000000000000000000000000F
:1001F0000000000000000000CB030008CB03000853
:10020000CB030008CB03000800000000CB0300086C
:10021000CB030008CB030008CB030008CB03000886
:10022000CB03000800000000CB0300080000000022
:10023000CB030008CB03000800000000CB0300083C
:10024000CB030008CB030008CB030008CB03000856
:10025000CB030008CB030008CB030008CB03000846
:10026000CB030008CB030008CB030008CB03000836
:10027000CB030008CB030008CB03000800000000FC
:10028000CB030008CB030008CB030008CB03000816
:1002900000000000CB030008CB03000800000000B2
:1002A00000000000CB030008CB030008CB030008CC
:1002B0003D6A0008CB030008CB030008CB0300080D
:1002C000CB030008CB030008CB03000800F002F8C2
:1002D00000F05EF80AA090E8000C82448344AAF182
:1002E0000107DA4501D100F053F8AFF2090EBAE880
:1002F0000F0013F0010F18BFFB1A43F0010318475A
:10030000F0AF000010B000000A444FF0000C10F8ED
:10031000013B13F0070408BF10F8014B1D1108BF83
:1003200010F8015B641E05D010F8016B641E01F823
:10033000016BF9D113F0080F1EBF10F8014BAD1C73
:100340000C1B09D16D1E58BF01F801CBFAD505E091
:1003500014F8016B01F8016B6D1EF9D59142D6D3EB
:10036000704700000023002400250026103A28BF13
:1003700078C1FBD8520728BF30C148BF0B60704717
:100380001FB50AF0ACFA00F04BF91FBD10B510BD57
:1003900000F06CF91146FFF7F3FF0AF0D3F900F013
:1003A0008AF903B4FFF7F2FF03BC00F08DF90000F7
:1003B0000948804709480047FEE7FEE7FEE7FEE7F9
:1003C000FEE7FEE7FEE7FEE7FEE7FEE70448054935
:1003D000054A064B70470000C15E0008CD020008C8
:1003E000B0270024B02D0024B0290024B029002417
:1003F00053EA020C00F069802DE9F04B4FF0000643
:10040000002B1FBFB3FA83F503FA05F424FA05F6AF
:100410005E4012BF1643B2FA82F502FA05F4C5F146
:1004200020051EBF22FA05FC44EA0C04203556EADA
:10043000044C4FEA144418BF641C4FF000084FF0FE
:100440000009904271EB030C39D3002919BFB1FAAE
:1004500081F701FA07F6B0FA80F700FA07F6C7F15C
:1004600020071EBF20FA07FC46EA0C062037B6FB21
:10047000F4FCA7EB0507103F07F01F0BCBF120069C
:100480000CFA0BFB2CFA06F644BFB3460026202FCD
:10049000A4BF5E464FF0000B5BEA060C08BF4FF0AE
:1004A000010B19EB0B09ABFB027C48EB0608C01BE8
:1004B00006FB02CC0BFB03CC71EB0C01C1E70B4636
:1004C000024641464846BDE8F08B13B54FF00000A8
:1004D0004FF00001AFF30080BDE81C407047032AD5
:1004E00040F2308010F0030C00F0158011F8013B51
:1004F000BCF1020F624498BF11F801CB00F8013B38
:1005000038BF11F8013BA2F1040298BF00F801CBFB
:1005100038BF00F8013B11F0030300F02580083AD2
:10052000C0F0088051F8043B083A51F804CBA0E829
:100530000810F5E7121D5CBF51F8043B40F8043B7E
:10054000AFF30080D20724BF11F8013B11F801CBB3
:1005500048BF11F8012B24BF00F8013B00F801CB84
:1005600048BF00F8012B704710B5203AC0F00B804F
:10057000B1E81850203AA0E81850B1E81850A0E8A7
:100580001850BFF4F5AF5FEA027C24BFB1E8185001
:10059000A0E8185044BF18C918C0BDE810405FEA71
:1005A000827C24BF51F8043B40F8043B08BF7047ED
:1005B000D20728BF31F8023B48BF11F8012B28BFF2
:1005C00020F8023B48BF00F8012B70474FF00002B3
:1005D00000B5134694469646203922BFA0E80C5039
:1005E000A0E80C50B1F12001BFF4F7AF090728BF14
:1005F000A0E80C5048BF0CC05DF804EB890028BF90
:1006000040F8042B08BF704748BF20F8022B11F0B8
:10061000804F18BF00F8012B704770477047704734
:1006200070B5064C7C44064D7D4403E020682044B0
:100630008047241DAC42F9D170BD0000E8AC000039
:10064000E8AC000010B500F009F8006810BD10B566
:10065000044600F003F8046010BD00000048704735
:100660004C270024004870474C2700247546FFF7AC
:10067000F9FFAE4605006946534620F0070085465F
:1006800018B020B5FFF7A2FEBDE820404FF00006ED
:100690004FF000074FF000084FF0000B21F007016A
:1006A000AC46ACE8C009ACE8C009ACE8C009ACE8AD
:1006B000C0098D46704710B50446AFF30080204650
:1006C000BDE81040FFF76DBE01491820ABBEFEE744
:1006D00026000200704700009FED201AB5EE002AA8
:1006E00000EE012A9FED1E1ABDEEC20AB5EEC02A29
:1006F000F1EE10FA10EE100AB8BF013800EE100A41
:100700000020B8EEC00A32EE400A9FED162A20EE15
:10071000010ABDEEC01A11EE101A30EE021AB0EB4B
:10072000512F18BF002102EE101A4AF6EC2000FEED
:10073000010AC0F60000B8EE422A00EB810090EDFD
:10074000011A30EE420AB7EE002A32EE402A20EEBD
:10075000010A90ED001A02EE010A704783F9223E69
:1007600000000044000000C49FED1F1A20EE010AA3
:100770009FED1F2ABDEEC01AB5EEC00AF1EE10FAC9
:1007800011EE100AB8BF013801EE100A0020B8EED1
:10079000C11A30EE410A9FED151A20EE010ABDEE96
:1007A000C01A11EE101A30EE021AB0EB512F18BF1A
:1007B000002102EE101A4AF6EC2000FE010AC0F6F3
:1007C0000000B8EE422A00EB810090ED011A30EEF5
:1007D000420AB7EE002A32EE402A20EE010A90EDDE
:1007E000001A02EE010A704783F9223E000000441D
:1007F000000000C4FEE70000014800F053BB000009
:1008000018070024014800F04DBB000090070024A9
:10081000014800F047BB000008080024014800F030
:1008200041BB000080080024014800F03BBB0000F1
:10083000A0060024704710B54FF4806002F0BAF8AB
:100840004FF4006002F0B6F84FF4805002F0B2F8B6
:10085000BDE810404FF4804002F0ACB872B6FEE73D
:10086000014801F021BC0000D4010024014801F03E
:100870001BBC0000740200242DE9F84F044602F06E
:10088000BDF900905CB194F83500022809D08020B1
:100890006065002084F834000120BDE8F88F012055
:1008A000FBE7D14ED04FD0491836DFF83C833037C4
:1008B000DFF83493DFF830A308F14808DFF828B3F5
:1008C00009F1600920680AF1780A0BF1900B88425F
:1008D0002ED0B0422CD0B8422AD0404528D048452E
:1008E00026D0504524D0584522D0BF4AA832904245
:1008F0001ED0BE4A90421BD0BC4A1832904217D03C
:10090000BA4A3032904213D0B84A483290420FD09F
:10091000B64A603290420BD0B44A7832904207D047
:10092000B24A9032904203D0B04AA83290420AD1E3
:10093000026822F01E0202602068426922F08002F2
:100940004261256804E0026822F00E020260256818
:10095000206888424DD0B0424BD0B84249D0404583
:1009600047D0484545D0504543D0584541D09E4A90
:10097000A83290423DD09D4A90423AD09B4A1832CC
:10098000904236D0994A3032904232D0974A48321B
:1009900090422ED0954A603290422AD0934A7832C3
:1009A000904226D0914A9032904222D08F4AA8326B
:1009B00090421ED08E4A90421BD08D4A14329042F3
:1009C00017D08B4A2832904213D0894A3C32904249
:1009D0000FD0874A503290420BD0854A6432904201
:1009E00007D0834A7832904203D0814A8C329042B9
:1009F00004D1206E026822F4807202607A49206875
:100A000088422ED0B0422CD0B8422AD0404528D0BF
:100A1000484526D0504524D0584522D07249A831A7
:100A200088421ED0714988421BD0704918318842D3
:100A300017D06E493031884213D06C494831884212
:100A40000FD06A49603188420BD0684978318842BA
:100A500007D066499031884203D06449A831884262
:100A600004D1016821F00101016013E0016821F067
:100A7000010101600EE002F0C1F80099401A05285A
:100A800008D92020343420620320607000202070B8
:100A9000012002E72868C007EDD1534A01212068F0
:100AA00090422ED0B0422CD0B8422AD0404528D017
:100AB000484526D0504524D0584522D04A4BA8332B
:100AC00098421ED0494B98421BD0484B183398424D
:100AD00017D0464B3033984213D0444B483398429A
:100AE0000FD0424B603398420BD0404B7833984242
:100AF00007D03E4B9033984203D03C4BA8339842EA
:100B000008D1A06D94F85C3003F01F053F23AB4083
:100B1000836007E0A06D94F85C3003F01F0301FAD6
:100B200003F34360206890424DD0B0424BD0B842AE
:100B300049D0404547D0484545D0504543D0584519
:100B400041D0294AA83290423DD0284A90423AD01A
:100B5000264A1832904236D0244A3032904232D05F
:100B6000224A483290422ED0204A603290422AD007
:100B70001E4A7832904226D01C4A9032904222D0AF
:100B80001A4AA83290421ED0194A90421BD0184AE5
:100B90001432904217D0164A2832904213D0144A89
:100BA0003C3290420FD0124A503290420BD0104A41
:100BB0006432904207D00E4A7832904203D00C4AF9
:100BC0008C3290420BD1D4E919205060E06E30B1E4
:100BD000026822F480720260D4E91C205060343430
:100BE00061700020207058E610000240100402409E
:100BF000085402582DE9F05F002808D090F835100D
:100C0000022906D0802141650120BDE8F09F012026
:100C1000FBE7A14AA04BA04C18329F4D30339E4EAB
:100C20004834DFF874B26035DFF870C27836DFF828
:100C30006C82DFF868920CF1300CDFF860A208F1EA
:100C40006008016809F17809944F0AF1900A594542
:100C500031D091422FD099422DD0A1422BD0A94220
:100C600029D0B14227D0DFF830E20EF1900E714565
:100C700021D0DFF824E20EF1A80E71451BD0DFF879
:100C80001CE2AEF1180E714515D0B94213D0DFF851
:100C90000CE20EF1180E71450DD061450BD0DFF856
:100CA000FCE10EF1480E714505D0414503D04945A0
:100CB00001D0514537D14FF0040E80F835E0594549
:100CC00027D0914225D0994223D0A14221D0A942D8
:100CD0001FD0B1421DD070489030814219D06E486B
:100CE000A830814215D06D481838814211D0B942E0
:100CF0000FD06A48183081420BD0614509D067484F
:100D00004830814205D0414503D0494501D0514585
:100D100004D1086820F001000860BAE0086820F0FB
:100D200001000860B5E0D1F800E02EF00E0EC1F829
:100D300000E00168DE46594531D091422FD09942FA
:100D40002DD0A1422BD0A94229D0B14227D0DFF823
:100D500048B10BF1900B594521D0DFF83CB10BF1B4
:100D6000A80B59451BD0DFF834B1ABF1180B59452E
:100D700015D0B94213D0DFF824B10BF1180B594547
:100D80000DD061450BD0DFF814B10BF1480B59457C
:100D900005D0414503D0494501D0514506D1D1F890
:100DA00000B02BF0010BC1F800B005E0D1F800B0A5
:100DB0002BF0010BC1F800B001684FF0010B714539
:100DC00046D0914244D0994242D0A14240D0A9425B
:100DD0003ED0B1423CD0304A9032914238D02E4A77
:100DE000A832914234D02D4A183A914230D0B942BB
:100DF0002ED02A4A183291422AD0614528D0274A5B
:100E00004832914224D0414522D0494520D0514515
:100E10001ED0234A91421BD0214A1432914217D04E
:100E20001F4A2832914213D01D4A3C3291420FD0C2
:100E30001B4A503291420BD0194A6432914207D07A
:100E4000174A7832914203D0154A8C32914218D118
:100E5000016E0A6822F480720A60816D90F85C204D
:100E600002F01F020BFA02F24A60D0E91921516028
:100E7000C16E31B10A6822F480720A60D0E91C2187
:100E8000516080F835B0002180F83410016D01B157
:100E900088470020B9E60000100002402804024004
:100EA000085402582DE9FF5F0446002001904FF4DA
:100EB0001651FD480068B0FBF1F00090A56D2E685A
:100EC0002968FA4FDFF8E4B3DFF8E083DFF8DC935A
:100ED0000BF1180BDFF8D4A308F13008206809F1F2
:100EE00048090AF1600AB8423BD05A46904238D0CD
:100EF000404536D0484534D0504532D0EB4A783260
:100F000090422ED0E94A903290422AD0E74AA83245
:100F1000904226D0E64A904223D0E54A18329042C9
:100F20001FD0E34B303398421BD0E14B48339842FB
:100F300017D0DFF87CC30CF1600C604511D0DFF8EE
:100F400070C30CF1780C60450BD0DFF864C30CF172
:100F5000900C604505D0DFF858E30EF1A80E7045FF
:100F60007ED194F85C10082301F01F0103FA01F20E
:100F700032424BD0B84232D0584530D040452ED0C6
:100F800048452CD050452AD0C8497831884226D0CF
:100F9000C6499031884222D0C449A83188421ED027
:100FA000C34988421BD0C2491831884217D0C04972
:100FB0003031884213D0BE49483188420FD0BC49F5
:100FC000603188420BD0BA497831884207D0B8499D
:100FD0009031884203D0B649A831884203D10168D4
:100FE00001F0040102E0016801F0080171B101683B
:100FF00021F00401016094F85C0000F01F0003FA86
:1010000000F2AA60606D40F00100606594F85C0039
:10101000012100F01F008140314240D02068B842D9
:1010200034D0584532D0404530D048452ED0504578
:101030002CD09E4A7832904228D09C4A90329042DE
:1010400024D09A4AA832904220D0994A90421DD08A
:10105000974A1832904219D0954A3032904200E0B7
:10106000D2E113D0924A483290420FD0904A603277
:1010700090420BD08E4A7832904207D08C4A903200
:10108000904203D08A4AA83290427DD1406910F044
:10109000800F04D0A960606D40F00200606594F894
:1010A0005C00042100F01F00814031423ED02068E6
:1010B000B84232D0584530D040452ED048452CD08B
:1010C00050452AD0794A7832904226D0774A9032D9
:1010D000904222D0754AA83290421ED0744A904263
:1010E0001BD0734A1832904217D0714A3032904266
:1010F00013D06F4A483290420FD06D4A603290420E
:101100000BD06B4A7832904207D0694A90329042B5
:1011100003D0674AA83290424ED1006810F0020F07
:1011200004D0A960606D40F00400606594F85C0034
:10113000102100F01F008140314260D02068B84289
:1011400034D0584532D0404530D048452ED0504557
:101150002CD0564A7832904228D0544A903290424D
:1011600024D0524AA832904220D0514A90421DD0F9
:101170004F4A1832904219D04D4A3032904215D021
:101180004B4A4832904200E014E00FD0484A6032A7
:1011900090420BD0464A7832904207D0444A90326F
:1011A000904203D0424AA832904207D1006800F032
:1011B000080006E0006872E70068B7E7006800F022
:1011C000040058B1A9602068016849030CD5006883
:1011D000000304D4216C09B1204688470FE0A16CBC
:1011E00069B1204688470AE00168C90503D401684F
:1011F00021F008010160216C09B12046884794F86C
:101200005C00202100F01F00814031427BD020682B
:10121000B84232D0584530D040452ED048452CD029
:1012200050452AD0214A7832904226D01F4A903227
:10123000904222D01D4AA83290421ED01C4A9042B1
:101240001BD01B4A1832904217D0194A30329042B4
:1012500013D0174A483290420FD0154A603290425C
:101260000BD0134A7832904207D0114A9032904204
:1012700003D00F4AA832904203D1006800F010005A
:1012800002E0006800F00200E8B3A96094F83500BD
:10129000042812D02068016849033DD50068000386
:1012A00035D4616C79B305E01000002410000240D1
:1012B00010040240204688473FE02068016821F082
:1012C000160101602068416921F080014161206CB4
:1012D00008B9A06C20B12068016821F00801016004
:1012E00094F85C0000F01F013F208840A8600120B6
:1012F00084F83500002084F83400216D002974D072
:1013000004B0204600E018E0BDE8F05F0847E16B5C
:1013100099B12046884710E00168C90509D40168E1
:1013200021F010010160012084F83500002084F8CC
:101330003400E16B09B120468847606D002854D025
:10134000606DC00758D0042084F835002068B8428A
:1013500031D058452FD040452DD048452BD0504551
:1013600029D0B749884226D0B5491831884222D0C1
:10137000B349303188421ED0B24988421BD0B149AE
:101380001831884217D0AF493031884213D0AD4967
:10139000483188420FD0AB49603188420BD0A9490F
:1013A0007831884207D0A7499031884203D0A549B7
:1013B000A831884204D1016821F00101016003E0F5
:1013C000016821F00101016021680198009A401C28
:1013D0000190904202D80868C007F6D10868C0079B
:1013E00004D0032084F8350003E087E0012084F86E
:1013F0003500002084F83400E16C00297ED004B070
:101400002046BDE8F05F08478F4EB0421BD08E4E9D
:101410001436B04217D08C4E2836B04213D08A4EC4
:101420003C36B0420FD0884E5036B0420BD0864E7C
:101430006436B04207D0844E7836B04203D0824E34
:101440008C36B0425AD106684FF0040E94F85CB066
:101450000BF01F0B0EFA0BFE1EEA010FCDF80CE08D
:101460005ED05FEA467E5BD503986860300411D594
:10147000F00307D4A16C002940D004B02046BDE899
:10148000F05F0847216C002938D004B02046BDE841
:10149000F05F0847B0063BD42068B8422DD06849B9
:1014A0006039884229D0404527D0484525D050454D
:1014B00023D06349884220D06149183188421CD02A
:1014C0005F493031884218D05E49884215D0904239
:1014D00013D05C49303188420FD098420DD0594921
:1014E0006031884209D057497831884205D060453B
:1014F00003D05449A831884206D100E07CE001685D
:1015000021F00801016003E0016821F0040101609D
:10151000216C002970D004B02046BDE8F05F084778
:101520004FF0020E0EFA0BFE1EEA010FCDF808E096
:1015300063D05FEA867E60D502986860300411D57A
:10154000F00307D4616C002978D004B02046BDE8D0
:10155000F05F0847E16B002970D004B02046BDE879
:10156000F05F0847B0063FD42068B8422DD0344918
:101570006039884229D0404527D0484525D050457C
:1015800023D02F49884220D02D49183188421CD0C1
:101590002B493031884218D02A49884215D09042D0
:1015A00013D02849303188420FD098420DD02549B8
:1015B0006031884209D023497831884205D060459E
:1015C00003D02049A831884204D1016821F01401D8
:1015D000016003E0016821F00A010160012084F844
:1015E0003500002084F83400E16B002926D004B0D7
:1015F0002046BDE8F05F084720E0082202FA0BF21F
:101600000A421BD0310719D5016821F00E01016093
:1016100094F85C0000F01F01012000FA01F16960FC
:10162000606584F83500002084F83400E16C0029FE
:1016300004D004B02046BDE8F05F0847BDE8FF9F36
:101640008800024010040240085402582DE9F05F5F
:10165000044601F0D3FA0646002C7DD0F24F022258
:10166000DFF8C4830025DFF8C093DFF8BCA308F1DE
:101670003008DFF8B4B309F1480920680AF1600ABC
:101680000BF1780BB84232D0E749183188422ED09E
:1016900040452CD048452AD0504528D0584526D022
:1016A000E1499031884222D0DF49A83188421ED0DA
:1016B000DE4988421BD0DD491831884217D0DB490A
:1016C0003031884213D0D949483188420FD0D749A8
:1016D000603188420BD0D5497831884207D0D34950
:1016E0009031884203D0D149A83188427ED184F814
:1016F000352084F83450B84234D0CB491831884270
:1017000030D040452ED048452CD050452AD05845A1
:1017100028D0C5499031884224D0C349A831884295
:1017200020D0C24988421DD0C0491831884219D002
:10173000BE493031884215D0BC494831884211D069
:10174000BA49603188420DD0B8497831884209D011
:10175000B6499031884200E009E003D0B349A8318E
:10176000884207D1016821F00101016013E00120E6
:10177000BDE8F09F016821F0010101600BE001F07C
:101780003DFA801B052806D920206065032084F8D7
:1017900035000120ECE720680068C007EFD122681F
:1017A0001168A3480140D4E902031843D4E9043680
:1017B00033431843A3691843E3691843236A184362
:1017C0000843616A042903D1D4E90B131943084380
:1017D0006168A1F12903052B0DD9163B032B0AD90A
:1017E000083B012B07D9083B032B00E02AE002D974
:1017F0007439032901D840F48010106020684069D2
:1018000020F00701606A40EA010604280DD1A06AB1
:101810000643E06A48B1204607F022FE28B1402086
:101820006065012084F83500A2E720684661204603
:1018300007F052FE94F85C1001F01F023F21914026
:10184000816066E07B4988421BD07A4B1433984212
:1018500017D0784B2833984213D0764B3C339842BC
:101860000FD0744B503398420BD0724B6433984274
:1018700007D0704B7833984203D06E4B8C3398422C
:101880007ED1884211D06B49143188420DD069490C
:101890002831884209D067493C31884205D06549E2
:1018A0005031884201D06349643184F8352084F88E
:1018B0003450026860490A40A16840297ED08029DE
:1018C0007DD00021E36841EAD301236941EAD301D5
:1018D000636941EAD301A36941EAD301E36941EABB
:1018E000D301236A41EA1311114301605149206871
:1018F000494208441421B0FBF1F08000E065204625
:1019000007F0EAFD94F85C1001F01F0201219140FC
:1019100041602068B84256D043491831884252D0BD
:10192000404550D048454ED050454CD058454AD0FF
:101930003D499031884246D03B49A831884242D047
:101940003A4988423FD03949183188423BD037491B
:101950003031884237D035494831884233D0334915
:10196000603188422FD03149783188422BD02F49BD
:101970009031884227D02D49A831884223D000E0F9
:101980002DE02C4988421ED02A49143188421AD0B1
:1019900028492831884216D026493C31884212D045
:1019A0002449503188420ED02249643188420AD0FD
:1019B00020497831884206D01E4901E00AE00BE058
:1019C0008C31884229D1204607F0E6FDA0688028A6
:1019D0000CD00CE0102175E74FF4804172E74020F5
:1019E0006065032084F835000120C1E66560216E42
:1019F00020790860D4E9191048606068401E072803
:101A000008D8204607F018FEE06E0560D4E91C10E7
:101A1000486002E0E566256765676565012084F832
:101A200035000020A4E6000010000240100402402F
:101A30003F8010FE085402580F00FEFF2DE9F84FBA
:101A4000044600200090002C15D094F834000128A2
:101A500013D0012084F8340094F835500020012D73
:101A60000DD04FF40061616584F8340001200090CE
:101A70000098BDE8F88F0120FBE70220F9E7022576
:101A800084F835506065A54DA44EA44F1835DFF895
:101A90008CC23036DFF884824837DFF88092DFF876
:101AA0007CA208F16008DFF874B209F178092068B7
:101AB0000AF1900A0BF1A80B60453BD0A84239D03F
:101AC000B04237D0B84235D0404533D0484531D008
:101AD00050452FD058452DD0DFF844C2604529D05D
:101AE000DFF83CC20CF1180C604523D0DFF830C29F
:101AF0000CF1300C60451DD0DFF824C20CF1480C0D
:101B0000604517D0DFF818C20CF1600C604511D0A9
:101B1000DFF80CC20CF1780C60450BD0DFF800C286
:101B20000CF1900C604505D0DFF8F4C10CF1A80C65
:101B3000604506D1D0F800C02CF0010CC0F800C000
:101B400005E0D0F800C02CF0010CC0F800C0204621
:101B500007F068FB7149206888422CD0A8422AD03F
:101B6000B04228D0B84226D0404524D0484522D0A3
:101B7000504520D058451ED0694A90421BD0684A33
:101B80001832904217D0664A3032904213D0644ADD
:101B9000483290420FD0624A603290420BD0604A85
:101BA0007832904207D05E4A9032904203D05C4A2D
:101BB000A83290420DD1026822F01E0242F01602B5
:101BC0000260206C90B12068026842F00802026056
:101BD0000CE0026822F00E0242F00A020260206C61
:101BE00020B12068026842F0040202602068884246
:101BF0004BD0A84249D0B04247D0B84245D040452A
:101C000043D0484541D050453FD058453DD0444A47
:101C100090423AD0424A1832904236D0404A30324E
:101C2000904232D03E4A483290422ED03C4A6032F6
:101C300090422AD03A4A7832904226D0384A90329E
:101C4000904222D0364AA83290421ED0354A904265
:101C50001BD0344A1432904217D0324A2832904274
:101C600013D0304A3C3290420FD02E4A503290422C
:101C70000BD02C4A6432904207D02A4A78329042E4
:101C800003D0284A8C3290420DD1206E0268D203D4
:101C900003D5026842F480720260E06E18B10268F7
:101CA00042F480720260206888422CD0A8422AD078
:101CB000B04228D0B84226D0404524D0484522D052
:101CC000504520D058451ED0154988421BD0144994
:101CD0001831884217D012493031884213D0104948
:101CE000483188420FD00E49603188420BD00C49F0
:101CF0007831884207D00A499031884203D0084998
:101D0000A831884204D1016841F001010160AFE6C9
:101D1000016841F001010160AAE6000010000240E4
:101D2000100402400854025870B5044600F066FFE3
:101D30000546601C02D004480078044400F05EFFB1
:101D4000401BA042FAD370BD0400002410B590F8E7
:101D50009830012B08D0022B06D050F89C1F41F080
:101D600002010160012010BD03689C6D0C4204D18A
:101D7000DC6D44F00104DC6505E09C6D31EA04048F
:101D80001CD00324DC658B0504D5036853F8E04FB1
:101D900014431C604B0504D5036853F8E44F144307
:101DA0001C600068426D084B0B401A4342650748AF
:101DB000026842EA91710160002010BDDC6D44F0C0
:101DC0000204DC65DFE70000FFFFCF3F14A80040FE
:101DD00070B5044694F89800022806D054F89C0F79
:101DE00040F008002060012070BD2068D0F8C030AD
:101DF00013F07C5F0AD0D0F8C4309B020DD554F8A4
:101E00009C0F40F400702060012070BD54F89C0FBE
:101E100040F020002060012070BDD0F8C400C0F365
:101E2000044520462B4607F08FFE21680120A8407C
:101E3000C1F8D000C4F89400002070BD704710B500
:101E400090F89820012A08D0022A06D050F89C1F4A
:101E500041F002010160012010BDCA680B688BB11E
:101E6000072A0B6943EA42732BD00C7A4A6942EA8B
:101E700084724968006F00EBC100036042604FF05C
:101E8000000010BD072A10D00C7A4FEAC2624B69DD
:101E900043EA84730C8A42EA044243EA0203496833
:101EA000C06E00EB81000360E9E70B8A4FF06054DD
:101EB0008A6942EA0343CA6944EA022243EA020306
:101EC000EDE78A69D5E730B5039C90F89850012D6D
:101ED00006D050F89C1F41F004010160012030BD84
:101EE0000068090141EA820141EA43012143C0F847
:101EF0008010002030BD704770470000F0B500240E
:101F000090F89850022D06D050F89C1F41F008011F
:101F100001600120F0BD40290BD0412936D0056D6C
:101F20008D4260D850F89C1F41F0200101600120D3
:101F3000F0BD0568D5F8A06016F4FE0F18D0D5F8EE
:101F4000A46076061BD0D5F8A460F60105D5D5F8B7
:101F5000A06016F0004F00D50124D5F8A450C5F3B9
:101F600005252C44456C466F654306EB85063FE02E
:101F700050F89C1F41F0200101600120F0BD50F895
:101F80009C1F41F4807101600120F0BD0568D5F807
:101F9000B06016F4FE0F18D0D5F8B46076061BD0EA
:101FA000D5F8B460F60105D5D5F8B06016F0004F4D
:101FB00000D50124D5F8B450C5F305252C44C56CD3
:101FC000866F654306EB850612E050F89C1F41F0D2
:101FD000200101600120F0BD50F89C1F41F4807188
:101FE00001600120F0BD456DC66F4D4306EB8506CF
:101FF000356805F0804555602DB3356825F060459E
:102000001560356805F000559560356805F00045A8
:102010001561B588ADB2D5617568C5F30345D56066
:10202000756805F480155561756805F400159561AE
:102030007568C5F30665156275680836ED0F55625B
:102040000025174F09E03568C5F38A451560D8E7C4
:1020500016F805C003F805C06D1CD2F80CC017F8BF
:102060000CC0AC45F4D8402909D041290BD001223D
:1020700020290CD200688A40C0F898200DE0006842
:10208000C0F8A84009E00068C0F8B84005E0006862
:1020900001F01F018A40C0F89C200020F0BD000024
:1020A000E4A90008704700002DE9FE4F0446B64F32
:1020B00038688007391D096800EA8170029020683D
:1020C000016D01F47041D0F854A00AEA010A016DD3
:1020D00001F00F01D0F854B00BEA010B016D01F0D3
:1020E000F001426D0A400192016D01F07151D0F88A
:1020F000548008EA0108016D01F06071426D0A40E8
:102100000092416D056D4FF00009CE43F10509D4F1
:10211000E943C90506D4B9150165C7F80090204602
:10212000FFF7C0FF700510D4E84340050DD42068C8
:10213000D0F8DC20D0F8E41011404FF48062026542
:10214000C7F80090204600F0C7FB029858B18F49AD
:1021500002980840216808650298800F386002994B
:102160002046FFF76BFEBAF1000F0BD021688748BD
:102170000AEA000008654FEA9A7038605146204626
:1021800000F0ACFBBBF1000F0BD021687F480BEADD
:10219000000008654FEA9B7038605946204600F001
:1021A000FDFA019858B179490198084021680865FD
:1021B0000198800F38600199204600F02FFB300510
:1021C0000BD4E843000508D421684FF4006008658B
:1021D000C7F80090204600F082FBB00510D4E84319
:1021E00080050DD42068D0F8D820D0F8E010114038
:1021F0004FF400720265C7F80090204600F06DFBB6
:1022000030030BD4E843000308D421684FF40020C6
:102210000865C7F80090204600F0BEFAF0030BD422
:10222000E843C00308D421684FF480300865C7F83C
:102230000090204600F04FFB70030BD4E8434003AE
:1022400008D421684FF480200865C7F80090204624
:1022500000F040FBB0030ED4E84380030BD42168A8
:102260004FF400300865C7F80090D4F89C0040F0A7
:102270008000C4F89C00009858B144490098084078
:10228000216808650098800F386000992046FFF7A4
:1022900033FEB8F1000F0DD021683C4808EA000079
:1022A00008654FEA98703860D4F89C0040EA08004E
:1022B000C4F89C003649206888425BD16068816818
:1022C000890757D0016A01F00F02416A1140026A82
:1022D00002F03002476A1740026A02F4C072D0F876
:1022E000248008EA0208026A02F4FC42456A1540AA
:1022F000026A02F4F022466A1640D0F82490D0F820
:1023000020A019B10162204600F0E1FA2FB1606807
:1023100007623946204600F0DCFA6FEA0900400601
:102320000ED46FEA0A0040060AD46068C16B090C3B
:10233000C26B02F03F0240230362204600F0C8FA5D
:10234000B8F1000F06D06068C0F8208041462046F2
:1023500000F0BCFA35B160680562D4F89C002843EF
:10236000C4F89C0036B160680662D4F89C00304323
:10237000C4F89C00D4F89C00002802D02046FFF747
:10238000BAFDBDE8FE8F000010A80040FFFFCF3F60
:1023900000A000402DE9F04393B004464C2295493B
:1023A0006846FEF7E1F86CB1934F2068B84202D15D
:1023B00000F5807060604FF4407994F89800002632
:1023C00020B108E0012013B0BDE8F08384F89960E3
:1023D000204600F013F92068816921F01001816125
:1023E00000F00CFC05464FF003080DE000F006FC81
:1023F000401B0A2808D954F89C0F40F001002060C7
:1024000004F8048C0120DEE7206880690007EDD421
:102410002068816941F00101816100F0EFFB054610
:102420000DE000F0EBFB401B0A2808D954F89C0F84
:1024300040F00100206004F8048C0120C3E720680C
:102440008069C007EDD02068816941F00201816197
:10245000207C012839D02068816941F040018161E8
:10246000607C012837D02068816921F48041816136
:10247000A07C012835D02068816941F480518161B8
:1024800020688169A26821F440711143816120684C
:10249000816921F0A40181612068016921F01001A6
:1024A0000161E068012822D030B302282BD02068D7
:1024B000816941F0800181612068016941F010016A
:1024C0000161E068032818D022E02068816921F0CA
:1024D00040018161C4E72068816941F480418161E4
:1024E000C6E72068816921F480518161C8E72068CE
:1024F000816941F0040181610AE02068816941F04D
:102500002001816104E02068816941F0200181613E
:10251000207E401E4106E069401E41EA0020216AFB
:10252000491E0843A18A491E40EA01402168C8614A
:10253000A06848450FD1E16AA06A491E401E40EAE2
:102540000121206B401E41EA0011A08C401E41EA8F
:1025500000402168C860206E28B1206850F8C01F74
:10256000626E11430160D4E91701C842694609D07F
:10257000206850F8C82FA36E22F0070251F82330CC
:102580001A430260206C48B1206850F8BC2F636C7D
:1025900022F0070251F823301A430260A06C50B1B8
:1025A000206850F8BC2FE36C22F0700251F8233001
:1025B00042EA03120260206D50B1206850F8BC2F2F
:1025C000636D22F4E06251F8231042EA01210160B8
:1025D0002068B84204D16068816821F003018160FD
:1025E00044F8946FA66001202071943C204607F0C7
:1025F000E5FAE8E6F4A9000800A000402DE9F0475C
:10260000B6B00446142130A8FDF7E0FFB82102A8B7
:10261000FDF7DCFF5B4D0026584A4FF080502168E3
:102620000C3D574F4FF00208564C9142DFF858A12D
:102630004FF0090936D142130021CDE902211D9046
:1026400002A800F089FD08B1FEF708F93868401CBF
:102650003860012807D1206840F48070206020682D
:1026600000F480700190286840F008002860286815
:1026700000F00800019003203090CDF8C48032961D
:102680003396CDF8D09030A9504600F09FF9002243
:102690001320114600F030FB132000F01FFB36B072
:1026A000BDE8F087394A914235D100214FF400420C
:1026B000CDE902211D9002A800F04EFD08B1FEF701
:1026C000CDF83868401C3860012807D1206840F4F4
:1026D00080702060206800F480700190286840F0CD
:1026E00002002860286800F002000190602030900D
:1026F000CDF8C48032963396CDF8D09030A92448D6
:1027000000F064F900221420114600F0F5FA1420BC
:1027100000F0E4FAC3E71F4A9142C0D100214FF410
:102720000042CDE902211D9002A800F015FD08B17C
:10273000FEF794F83868401C3860012807D12068FB
:1027400040F480702060206800F480700190286858
:1027500040F008002860286800F0080001904FF45D
:1027600040503090CDF8C480329633960520349096
:1027700030A9504600F02AF991E7000000A000407F
:1027800000000024EC440258000C025800A4004051
:102790000004025800D400407047000010B51B4AE6
:1027A000016891420DD11A4B4021A3F12C04221D46
:1027B000FFF7A4FB616B002927D0201DBDE8104066
:1027C0000847144A91420ED1114B40213833A3F1EE
:1027D0002C04221DFFF792FB616B002915D0201DF0
:1027E000BDE8104008470C4A91420ED1084B4021E9
:1027F0007033A3F12C04221DFFF780FB616B0029CD
:1028000003D0201DBDE81040084710BD00A00040C7
:102810002409002400A4004000D4004010B51B4A45
:10282000016891420DD11A4B4121A3F12C04221DC4
:10283000FFF764FB616B002927D0201DBDE8104025
:102840000847144A91420ED1114B41213833A3F16C
:102850002C04221DFFF752FB616B002915D0201DAF
:10286000BDE8104008470C4A91420ED1084B412167
:102870007033A3F12C04221DFFF740FB616B00298C
:1028800003D0201DBDE81040084710BD00A0004047
:102890002409002400A4004000D4004090F89810BF
:1028A000012906D050F89C1F41F00401016001206D
:1028B0007047022180F8981001688A6922F00102AD
:1028C0008A610021C0F89C10002070477047704753
:1028D0007047704770477047704770477047704740
:1028E000012828D002282AD004282CD008282ED04D
:1028F000102830D0202832D0402834D0802836D03C
:10290000B0F5807F37D0B0F5007F38D0B0F5806F5C
:1029100039D0B0F5006F3AD0B0F5805F3BD0B0F55C
:10292000005F3CD0B0F5804F3DD0B0F5004F3ED1B8
:102930001F48406800471E487838406800471C48D8
:102940007038406800471A4868384068004718489F
:1029500060384068004716485838406800471448B7
:1029600050384068004712484838406800471048CF
:102970004038406800470E483838406800470C48E7
:102980003038406800470A482838406800470848FF
:102990002038406800470648183840680047044817
:1029A00010384068004702480838406800477047C0
:1029B0008801002410B54FF0B041D1F888200242C0
:1029C00003D0C1F88800FFF78BFF10BD2DE9F84F49
:1029D0000022784D03264FF001080F274FF0B04C2E
:1029E000E1E008FA02F31C409A46002C7ED00B79F5
:1029F00003F00303012B01D0022B1BD1D0F8089068
:102A0000530006FA03FB29EA0B09D1F80CB00BFAC4
:102A100003FB4BEA090BC0F808B0436823EA0A033A
:102A200091F80490C9F3001909FA02F949EA030977
:102A3000C0F804900B79DB439B070ED0D0F80C90C4
:102A4000530006FA03FA29EA0A09D1F808A00AFA9B
:102A500003FA4AEA090AC0F80CA00B7903F0030351
:102A6000022B14D1D30800EB8303D3F820A04FEA44
:102A700042794FEAD96907FA09FB2AEA0B0AD1F829
:102A800010B00BFA09FB4BEA0A0BC3F820B0D0F8E0
:102A90000090530006FA03FA29EA0A0991F804A003
:102AA0000AF0030A0AFA03FA4AEA090AC0F800A07F
:102AB0004B6813F4403F75D03F4BD3F8009049F07A
:102AC0000209C3F800901B6803F00203009322F090
:102AD000030909F1B049D9F808B493074FEA137A0A
:102AE00007FA0AF32BEA030B344B00E05AE0984252
:102AF00001D1002328E0324B984201D1012323E089
:102B0000304B984201D102231EE02F4B984201D155
:102B1000032319E02D4B984201D1042314E02C4BE0
:102B2000984201D105230FE02A4B984201D1062398
:102B30000AE0294B984201D1072305E0274B984230
:102B400001D1092300E00A2303FA0AF343EA0B0345
:102B5000C9F80834DCF80030A343D1F804905FEAE8
:102B6000C92900D52343CCF80030DCF80430A34356
:102B7000D1F804905FEA892900D52343CCF80430CA
:102B80006B68A343D1F804905FEA893900D52343E9
:102B90006B602B68A343D1F804905FEAC93900D574
:102BA00023432B60521C0C6834FA02F37FF419AFF4
:102BB000BDE8F88F80000058F44402580000025825
:102BC0000004025800080258000C02580010025875
:102BD0000014025800180258001C02580024025821
:102BE0000069084201D00120704700207047002A88
:102BF00001D0816170470904816170470148806894
:102C000070470000040000240248816802781144E3
:102C1000816070470400002410B5032000F08CF898
:102C200001F0E6F80F490A68C2F303230E4AD35CA9
:102C300003F01F03D840096801F00F01515C0B4AF3
:102C400001F01F0120FA01F11160094908600F200D
:102C500000F010F808B1012010BD00F031F800209C
:102C600010BD00001844025868AA0008140000248F
:102C70001000002470B504460F4D2A78002A0CD0AD
:102C80004FF47A700D49B0FBF2F00968B1FBF0F037
:102C900001F074FC18B1012070BD012070BD102C32
:102CA00007D200222146501E00F026F86C6000205A
:102CB00070BD012070BD000004000024100000243D
:102CC00008B50548016841F002010160006800F0A4
:102CD0000200009008BD0000F4440258002809DBFF
:102CE000012100F01F0291404009800000F1E02026
:102CF000C0F8001170470000F0B40D460D4B1B6882
:102D0000C3F30223C3F10704042C00D90424191DC2
:102D1000072901D2002300E0DB1E012606FA04F198
:102D2000491E294099409E40761E16403143F0BC12
:102D300007F01CB80CED00E000F00701054A106830
:102D40004FF6FF03184040EA012003490843106092
:102D5000704700000CED00E00000FA0570B5144962
:102D60000A68D243520708D5096801F00701814279
:102D700001D0012070BD002070BD0A6822F007025A
:102D800002430A60FFF73AFF0446094D4FF47A7692
:102D9000083D06E0FFF732FF001BB04201D90120D9
:102DA00070BD2868C0438004F4D4002070BD0000CA
:102DB0000C48025810B500F0D5FF05490968054ACE
:102DC000C1F30211515C01F01F01C84010BD0000A9
:102DD0002044025868AA000810B569490A6802F040
:102DE00003020968C1F30531654B1B1D1B68C3F362
:102DF0000013634C14342468C4F3CC0414FB03F3B1
:102E000000EE103AB8EE400A002971D09FED5D1A2D
:102E10005B4BF7EE000A1033F2B39FED5B2A012AF9
:102E20007FD0022A7CD001EE901A1968F8EE611A60
:102E3000C2EE212AC1F3080101EE901AF8EE611AE0
:102E400040EE011A31EEA00A22EE800A1968C1F3A1
:102E5000462101EE101AB8EE411A31EE201AC0EEEA
:102E6000011ABCEEE11A80ED001A1968C1F306419F
:102E700001EE101AB8EE411A31EE201AC0EE011A16
:102E8000BCEEE11A80ED011A1968C1F3066101EE8A
:102E9000101AB8EE411A00E008E071EE200A80EE48
:102EA000201ABCEEC10A80ED020A10BD344A283A4D
:102EB0001468A4061ED51268C2F3C104334AE24066
:102EC00001EE902AF8EE612A01EE901A1968F8EEE8
:102ED000611A82EEA12AC1F3080101EE901AF8EE00
:102EE000611A40EE011A31EEA00A22EE000AADE7A7
:102EF00041E016E001EE901ADFED252A1968F8EEA0
:102F0000611A82EEA12AC1F3080101EE901AF8EECF
:102F1000611A40EE011A31EEA00A22EE000A95E78E
:102F200013E001EE901A1968F8EE611AC2EE212A38
:102F3000C1F3080101EE901AF8EE611A40EE011A91
:102F400031EEA00A22EE800A80E701EE901ADFED52
:102F5000112A1968F8EE611A82EEA12AC1F308015C
:102F600001EE901AF8EE611A40EE011A31EEA00A55
:102F700022EE000A6AE7002101604160816010BD15
:102F800028440258000000390024744A0090D003FD
:102F90000024744C001BB74B10B569490A6802F055
:102FA00003020968C1F30551654B1B1D1B68C3F380
:102FB0000023634C1C342468C4F3CC0414FB03F3D7
:102FC00000EE103AB8EE400A002971D09FED5D1A6C
:102FD0005B4BF7EE000A1833F2B39FED5B2A012A30
:102FE0007FD0022A7CD001EE901A1968F8EE611A9F
:102FF000C2EE212AC1F3080101EE901AF8EE611A1F
:1030000040EE011A31EEA00A22EE800A1968C1F3DF
:10301000462101EE101AB8EE411A31EE201AC0EE28
:10302000011ABCEEE11A80ED001A1968C1F30641DD
:1030300001EE101AB8EE411A31EE201AC0EE011A54
:10304000BCEEE11A80ED011A1968C1F3066101EEC8
:10305000101AB8EE411A00E008E071EE200A80EE86
:10306000201ABCEEC10A80ED020A10BD344A283A8B
:103070001468A4061ED51268C2F3C104334AE240A4
:1030800001EE902AF8EE612A01EE901A1968F8EE26
:10309000611A82EEA12AC1F3080101EE901AF8EE3E
:1030A000611A40EE011A31EEA00A22EE000AADE7E5
:1030B00041E016E001EE901ADFED252A1968F8EEDE
:1030C000611A82EEA12AC1F3080101EE901AF8EE0E
:1030D000611A40EE011A31EEA00A22EE000A95E7CD
:1030E00013E001EE901A1968F8EE611AC2EE212A77
:1030F000C1F3080101EE901AF8EE611A40EE011AD0
:1031000031EEA00A22EE800A80E701EE901ADFED90
:10311000112A1968F8EE611A82EEA12AC1F308019A
:1031200001EE901AF8EE611A40EE011A31EEA00A93
:1031300022EE000A6AE7002101604160816010BD53
:1031400028440258000000390024744A0090D0033B
:103150000024744C001BB74B2DE9FC5F044600258E
:103160000026F94F2068DFF8E493C043010104F121
:103170000800019004F1280000900DD4606EB8B1F1
:10318000B0F5801F19D0B0F5001F1CD0B0F5401F5E
:1031900000D00125EDB12E462088C043C00535D4AE
:1031A000A06D05282FD2DFE800F01D22282F2F0068
:1031B000386840F400303860ECE70198022106F0EE
:1031C000E5FD0546E6E70098022106F071FE05469A
:1031D000E0E7D9F80000616E20F440100843C9F818
:1031E0000000D9E7386840F4003038600CE00198FE
:1031F000002106F0CBFD054606E00098002106F010
:1032000057FE054600E00125A5B12E462088DFF8CF
:103210004083C04340051FD4D4F8A400B0F5C00FCC
:1032200018D010DC50B3B0F5001F2CD0B0F5800FD3
:103230000FD12EE0D9F80000A16D20F0070008435F
:10324000C9F80000E2E7B0F5000F03D0B0F5200F99
:1032500000D001251DB32E462088C043000531D47F
:10326000D4F8A800B0F1407F2AD022DCF0B3B0F14E
:10327000807F4BD0B0F1007F21D14DE0386840F421
:1032800000303860E6E70198002106F07FFD054632
:10329000E0E70098002106F00BFE0546DAE7D8F8D3
:1032A0000000D4F8A41020F460000843C8F800001F
:1032B000D2E7B0F1806F03D0B0F1A06F00D001254C
:1032C00085B32E462068C04380010AD4E06C30B13B
:1032D000102832D0202836D0302800D001258DB3D8
:1032E0002E462088C043C00446D400E009E0E06DCB
:1032F000B0F5005F5CD036DCA0B3B0F5805F38D1AC
:1033000050E0386840F400303860D9E70198002177
:1033100006F03CFD0546D3E70098002106F0C8FD05
:103320000546CDE7FFE7D8F80000D4F8A81020F054
:10333000E0600843C8F80000C4E7386840F4003093
:103340003860CCE705E00198022106F01FFD054634
:10335000C5E77E48001F0168E26C21F0300111438F
:103360000160BEE719E0B0F5405F03D0B0F5804FD3
:1033700000D0012515B32E462088C04380042FD4E9
:10338000206EB0F5403F29D021DC38B3B0F5803F46
:1033900038D0B0F5003F20D13AE0386840F4003032
:1033A0003860E7E70198002106F0F0FC0546E1E708
:1033B0000098002106F07CFD0546DBE7D9F8000007
:1033C000E16D20F4E0400843C9F80000D4E7B0F50F
:1033D000802F03D0B0F5A02F00D00125F5B12E46E7
:1033E0002088C04340042BD4D4F8AC00B0F1405F37
:1033F00024D01CDC10B3B0F1805F4FD0B0F1005F7F
:103400001BD152E00198012106F0C0FC0546E5E71A
:103410000098012106F04CFD0546DFE7D9F80000D1
:10342000216E20F4E0200843C9F80000D8E7B0F18D
:10343000804F03D0B0F1A04F00D00125A5B32E4698
:103440002088C04300040AD4E06E30B1B0F1805F40
:103450003DD0B0F1005F3FD00125B5B32E462068C6
:10346000C043C0010AD4A06C30B1012843D0022867
:1034700046D0032800D0012545B32E462068C0431E
:1034800040025AD4DFF8CCB0DBF8000040F4807082
:10349000CBF80000FFF7B2FB824648E0019801211B
:1034A00006F074FC0546C9E705E00098012106F026
:1034B000FFFC0546C2E7D8F80000D4F8AC1020F0B5
:1034C000E0400843C8F80000BAE70BE01EE03868A7
:1034D00040F400303860C0E70198012106F056FC46
:1034E0000546BAE7D9F80000E16E20F040500843E5
:1034F000C9F80000B3E7386840F400303860BBE733
:103500000198022106F042FC0546B5E70F48001F6E
:103510000168A26C21F0030111430160AEE7FFF7DF
:103520006DFBA0EB0A00642801D9032503E0DBF85A
:103530000000C005F3D58DB12E462078DFF818A025
:10354000C043C00763D073E02C4402585044025873
:10355000584402580048025854440258DFF850B406
:10356000DBF80000B4F8B01000F4407001F44071D2
:10357000884211D0DBF8000020F44070DBF8001026
:1035800041F48031CBF80010DBF8001021F48031D9
:10359000CBF80010CBF80000D4F8B000B0F5807F75
:1035A00011D1FFF72BFB824609E0FFF727FBA0EBC9
:1035B0000A0141F28830814201D9032503E0DBF89A
:1035C00000008007F1D50DB12E46B6E7D4F8B00063
:1035D000C0F3012103290FD0F5486038016821F4B8
:1035E0007C510160DBF80000B4F8B010C1F30B01AE
:1035F0000843CBF80000A0E7ED4960390A68ED4BBD
:1036000022F47C52184042EA10100860EAE7A06FEA
:1036100018280BD005DC48B1082815D0102804D193
:1036200018E0202802D0282800D00125C5B12E4658
:103630002078C04380072BD4606F062825D2DFE8AE
:1036400000F025181E2525250198012106F09EFB76
:103650000546EBE70098012106F02AFC0546E5E760
:10366000DAF80000A16F20F038000843CAF8000023
:10367000DEE70198012106F089FB054606E0009887
:10368000012106F015FC054600E001256DB12E462E
:103690002078C043400720D4D4F89000062819D2DF
:1036A000DFE800F0190C12191919DAF80000616F3F
:1036B00020F007000843CAF80000E9E7019801215B
:1036C00006F064FB054606E00098012106F0F0FBD9
:1036D000054600E0012595B12E462078C0438006BE
:1036E00020D4D4F88C00B0F1405F19D011DCB8B10F
:1036F000B0F1805F28D0B0F1005F10D12AE0D8F897
:103700000000D4F8901020F007000843C8F800002B
:10371000E3E7B0F1804F03D0B0F1A04F00D0012516
:10372000F5B12E462078C04340062CD4D4F898003A
:10373000B0F5406F25D01DDC18B3B0F5806F34D0E4
:10374000B0F5006F1CD136E00198002106F01EFB99
:103750000546E5E70098022106F0AAFB0546DFE7EB
:10376000DAF80000D4F88C1020F0E0400843CAF8E2
:103770000000D7E7B0F5805F03D0B0F5A05F00D0C0
:103780000125F5B12E462078C04300062CD4D4F88C
:103790009C00B0F5C04F25D01DDC18B3B0F5005F1C
:1037A0002CD0B0F5804F1CD12EE00198002106F0FE
:1037B000EDFA0546E5E70098022106F079FB05469B
:1037C000DFE7D8F80000D4F8981020F4E050084360
:1037D000C8F80000D7E7B0F5004F03D0B0F5204F90
:1037E00000D00125B5B12E462078C04300072AD469
:1037F000D4F88000B0F5805F16D01BE0019800215E
:1038000006F0C4FA0546EDE70098022106F050FBE9
:103810000546E7E7D8F80000D4F89C1020F4604093
:103820000843C8F80000DFE70098022106F040FBDB
:1038300000B10126DAF80000D4F8801020F44050DE
:103840000843CAF800002078C043C00613D4D4F857
:103850009400B0F5807F05D10098022106F028FB86
:1038600000B10126D8F80000D4F8941020F440707C
:103870000843C8F800002068C04300030BD4D4F804
:10388000A000E8B3B0F5803F7DD0B0F5003F00D098
:103890000125B5B32E462068C04340030DD4D4F8AB
:1038A0008400B0F5801F70D0B0F5001F6ED0B0F569
:1038B000401F00D001252DB32E462068C043C00311
:1038C00007D4206DF0B3B0F5803F75D00125D5B396
:1038D0002E462068C043800005D40098022106F0DF
:1038E000E7FA00B101262068C043800311D4E06FDD
:1038F00068B1B0F5807F76D0B0F5007F07D002E0E8
:103900005BE066E07BE0B0F5407F00D00125DDB3F1
:103910002E462068C043C00207D4D9F80000216FAA
:1039200020F000400843C9F800002068C04380022E
:1039300007D4D9F80000A16E20F080700843C9F8C0
:10394000000001E065E06FE02068C04340000AD459
:1039500017486038016821F4004101600168D4F81B
:10396000B420114301602068C04307D410482438B4
:103970000168626D21F04051114301602068C0432D
:1039800000020DD403E01EE05BE02DE031E0DAF848
:103990000000D4F8881020F440000843CAF8000062
:1039A00020790025C04300F00100284352D057E0A1
:1039B00070440258FFFCFF0F30E00198002106F030
:1039C000E5F9054665E70098022106F071FA05461B
:1039D0005FE7D8F80000D4F8A01020F44030084386
:1039E000C8F8000057E727E0386840F40030386036
:1039F00061E70098012106F05BFA05465BE7DAF81B
:103A00000000D4F8841020F440100843CAF80000E5
:103A100053E7386840F40030386058E701980221D5
:103A200006F0B4F9054652E72E480168226D21F4EC
:103A30008031114301604CE7386840F40030386051
:103A400065E7DAF80000E16F20F440700843CAF837
:103A500000005EE70198002106F098F900B10646E3
:103A60002079C04300F00200284305D101980121CC
:103A700006F08CF900B106462079C04300F004003E
:103A8000284305D10198022106F080F900B10646CD
:103A90002079C04300F00800284305D10098002198
:103AA00006F006FA00B106462079C04300F0100087
:103AB000284305D10098012106F0FAF900B1064625
:103AC0002079C04300F02000054305D10098022171
:103AD00006F0EEF900B1064616B10120BDE8FC9FE4
:103AE0000020FBE74C4402582DE9F05F04460D46E8
:103AF000002C17D0DFF84C82D8F8000000F00F003F
:103B0000A84211D2D8F8000020F00F002843C8F8CE
:103B10000000D8F8000000F00F00A84204D00120F7
:103B2000BDE8F09F0120FBE72078874E40070AD5CB
:103B30002069316801F07001884204D9316821F0B0
:103B40007001014331602078804F00070AD5606919
:103B5000396801F07001884204D9396821F0700198
:103B6000014339602078C0060AD5A069396801F49C
:103B7000E061884204D9396821F4E0610143396089
:103B80002078DFF8CC9180060DD5E069D9F80010D7
:103B900001F07001884206D9D9F8001021F07001B7
:103BA0000143C9F80010207880070AD5E068316821
:103BB00001F00F01884204D9316821F00F0101435F
:103BC00031602078C00743D03068A16820F470606D
:103BD000084330605C4960681839022808D003281F
:103BE0000BD001280ED00968490710D4012097E7AF
:103BF000096889030BD4012092E70968890106D47A
:103C000001208DE70968C90501D4012088E7DFF8A4
:103C100038A1AAF1080ADAF8001021F007010143DF
:103C2000CAF80010FEF7EAFF834609E0FEF7E6FF58
:103C3000A0EB0B0141F28830814201D903206FE7EC
:103C4000DAF80000616800F03800B0EBC10FEDD188
:103C5000207880070AD5E068316801F00F018842BA
:103C600004D2316821F00F0101433160D8F800001F
:103C700000F00F00A8420ED9D8F8000020F00F0085
:103C80002843C8F80000D8F8000000F00F00A84250
:103C900001D0012044E7207840070AD52069316827
:103CA00001F07001884204D2316821F070010143B3
:103CB0003160207800070AD56069396801F0700129
:103CC000884204D2396821F07001014339602078BC
:103CD000C0060AD5A069396801F4E061884204D2BF
:103CE000396821F4E06101433960207880060DD500
:103CF000E069D9F8001001F07001884206D2D9F8C5
:103D0000001021F070010143C9F8001000F070F8B4
:103D10003168C1F303220F498A5C02F01F02D040D0
:103D2000326802F00F02895C0B4A01F01F0120FA91
:103D300001F111600949086009480068BDE8F05FB9
:103D4000FEF798BF00200052184402581C44025845
:103D50002044025868AA000814000024100000241F
:103D60000800002400B500F043F80B490A68C2F3CC
:103D700003230A4AD35C03F01F03D840096801F00B
:103D80000F01515C064A01F01F0120FA01F1116098
:103D9000044A1060084600BD1844025868AA00088A
:103DA000140000241000002400B5FFF7DBFF0549D4
:103DB0000968054AC1F30211515C01F01F01C840B6
:103DC00000BD00001C44025868AA000800B5FFF7B7
:103DD000C9FF05490968054AC1F30221515C01F098
:103DE0001F01C84000BD00001C44025868AA00081A
:103DF00030B564480068654C10F03801624808D05E
:103E0000021108290DD010290DD018290DD0104607
:103E100030BD21688906FBD52168C1F3C101C840C6
:103E200030BD104630BD5A4830BD564918310A6879
:103E300002F003020968C1F30511524B1C331B68E1
:103E400003F001034F4D24352D68C5F3CC0515FB58
:103E500003F300EE103AB8EE400A002977D0DFED08
:103E60004D0A484BB7EE001A20333AB39FED4A2A69
:103E7000012A58D0022A6CD001EE901A1868F8EE88
:103E8000611AC2EE212AC0F3080001EE900AF8EE92
:103E9000611A40EE201A31EE810A22EE800A18687B
:103EA000C0F34620401C00EE900AF8EE600A80EE57
:103EB000201ABCEEC10A10EE100A30BD226892062C
:103EC0001BD52268C2F3C102D04001EE900A1868E7
:103ED000F8EE612A01EE901AF8EE611A82EEA12A3C
:103EE000C0F3080001EE900AF8EE611A40EE201AC5
:103EF00031EE810A22EE000AD1E701EE901ADFEDE1
:103F0000272A1868F8EE611A82EEA12AC0F3080089
:103F100001EE900AF8EE611A40EE201A31EE810AA5
:103F200022EE000ABBE701EE901A1868F8EE611A5B
:103F3000C2EE212AC0F3080001EE900AF8EE611AE1
:103F400040EE201A31EE810A22EE800AA7E716E041
:103F5000FFE701EE901ADFED122A1868F8EE611AF9
:103F600082EEA12AC0F3080001EE900AF8EE611A71
:103F700040EE201A31EE810A22EE000A8FE700207F
:103F800030BD0000104402580090D0030044025895
:103F900000366E01000000390024744A0024744C7D
:103FA000001BB74B2DE9F05F0446002C10D02078A1
:103FB000DFF8F883FE4EFF4DC0075DD0D8F8000053
:103FC00000F03800316810281FD0182803D006E010
:103FD0000120BDE8F09F01F00300022815D06068C1
:103FE000B0F5803F18D0E0B1B0F5A02F22D02868FE
:103FF00020F480302860286820F4802028606068E1
:1040000060B3FEF7FBFD074624E02868800333D544
:10401000606810BB0120DCE7286840F4803028602D
:10402000EDE7286820F480302860286820F480209C
:104030002860E4E7286840F480202860286840F47D
:1040400080302860DBE7FEF7D9FDC01B642801D96A
:104050000320BEE728688003F5D50DE0FEF7CEFD0E
:10406000074606E0FEF7CAFDC01B642801D90320FD
:10407000AFE728688003F5D42078800764D5D8F8A6
:10408000000000F038003168DFF8289309F10409D6
:1040900070B1182801D188070AD0E068A0B3296858
:1040A00021F0190101432960FEF7A8FD07462CE025
:1040B0002868400701D5E06848B12868E16820F029
:1040C000190008432860FEF799FD074608E0012023
:1040D0007FE7FEF793FDC01B022801D9032078E794
:1040E00028684007F5D5D9F80000217C20F0FE4073
:1040F00040EA0160C9F8000026E0FEF77FFDC01B22
:10410000022802D9032064E70CE028684007F4D5B0
:10411000D9F80000217C20F0FE4040EA0160C9F897
:10412000000011E0286820F001002860FEF766FD1D
:10413000074606E0FEF762FDC01B022801D90320F6
:1041400047E728684007F5D42078C00655D5D8F849
:10415000000000F038003168DFF850920828A9F11B
:1041600004090FD0182803D101F00300012809D059
:10417000E06978B3286840F080002860FEF73EFDD3
:10418000074619E02868C00504D5E069802801D0F9
:1041900001201EE7D9F8000094F8201020F07C5090
:1041A00040EA0160C9F8000027E0FEF727FDC01BC8
:1041B000022801D903200CE72868C005F5D5D9F8F5
:1041C000000094F8201020F07C5040EA0160C9F80B
:1041D000000012E0FFE7286820F080002860FEF76A
:1041E0000DFD074606E0FEF709FDC01B022801D9B8
:1041F0000320EEE62868C005F5D42078000730D506
:10420000DFF8AC91606909F14C09A8B1D9F8000058
:1042100040F00100C9F80000FEF7F0FC074606E098
:10422000FEF7ECFCC01B022801D90320D1E6D9F827
:1042300000008007F4D514E0D9F8000020F0010058
:10424000C9F80000FEF7DAFC074606E0FEF7D6FCE8
:10425000C01B022801D90320BBE6D9F80000800763
:10426000F4D42078800626D5A06990B1286840F45F
:1042700080502860FEF7C2FC074606E0FEF7BEFC51
:10428000C01B022801D90320A3E628688004F5D5C5
:1042900011E0286820F480502860FEF7AFFC074644
:1042A00006E0FEF7ABFCC01B022801D9032090E614
:1042B00028688004F5D4207840075DD53E4F3868E3
:1042C00040F480703860FEF799FC814607E0FEF705
:1042D00095FCA0EB0900642801D9032079E6386831
:1042E000C005F4D5324FA0684837012812D0B0B1CC
:1042F00005281DD0386820F001003860386820F0AB
:1043000004003860A06841F2883930B3FEF776FCCB
:1043100082461EE0386840F001003860F2E73868F5
:1043200020F001003860386820F004003860E9E7C8
:10433000386840F004003860386840F001003860A8
:10434000E0E7FEF75BFCA0EB0A00484501D903203B
:104350003FE638688007F4D50EE0FEF74FFC824652
:1043600007E0FEF74BFCA0EB0A00484501D903200B
:104370002FE638688007F4D4616AB1B1D8F800003C
:104380004FF6F87BDFF828A00AF1080AC0F3C20054
:1043900003280AF10409AAF104087CD0022911D0EB
:1043A000286820F08070286008E0E5E0104402589A
:1043B000284402580044025800480258FEF71EFCE8
:1043C000044689E0286820F080702860FEF716FC1B
:1043D000074606E0FEF712FCC01B022801D90320A5
:1043E000F7E528688001F5D4306840F2F33188435E
:1043F000E16A40EA0110A16A08433060208E4FF65E
:10440000FF72616B401E491EC0F3080002EA4121A1
:104410000843218F4FF4FE02491E02EA014108437E
:1044200094F83C10491E120202EA01610843CAF8DE
:104430000000D8F8000020F00100C8F80000D9F80A
:104440000000A16C20EA0B0040EAC100C9F800009E
:10445000D8F80000216C20F00C000843C8F80000D8
:10446000D8F80000616C20F002000843C8F8000092
:10447000D8F8000040F48030C8F80000D8F80000F8
:1044800040F40030C8F80000D8F8000040F4802064
:10449000C8F8000000E023E0D8F8000040F0010078
:1044A000C8F80000286840F080702860FEF7A6FB7E
:1044B000044606E0FEF7A2FB001B022801D90320F8
:1044C00087E528688001F5D556E0FEF797FB001BCD
:1044D000022801D903207CE528688001F5D44BE04F
:1044E0003268DAF80000012921D0A36A02F0030142
:1044F00099421CD1E16AC2F30512914217D1216B96
:10450000C0F30802491E8A4211D1616BC0F34622F2
:10451000491E91420BD1A16BC0F30642491E914244
:1045200005D1E16BC0F30660491E814201D0012034
:104530004FE5D9F80000C0F3CC00A16C81421BD03C
:10454000D8F8000020F00100C8F80000FEF756FB84
:104550000546FEF753FBA842FBD0D9F80000A16C3A
:1045600020EA0B0040EAC100C9F80000D8F80000BA
:1045700040F00100C8F8000000202AE510B5401EF8
:10458000B0F1807F01D3012010BD4FF0E0246061C5
:104590000F21601705F0EAFB0020A06107202061D1
:1045A000002010BD7047704770470000F0B590F8CC
:1045B0003C20012A40D0012680F83C60022280F88D
:1045C0003D2003685A689C681C4FDFF874C0BB42EA
:1045D00001D0634503D122F470054A682A4322F0D2
:1045E00070050A682A435A600268BA4219D0B2F1CB
:1045F000804F16D0134B9A4213D0134B9A4210D0CF
:10460000124B9A420DD062450BD0114B9A4208D002
:10461000104B9A4205D0104B9A4202D00F4B9A424F
:1046200004D124F080038968194391603C304670BE
:10463000002101700020F0BD0220F0BD000001400B
:10464000000401400004004000080040000C00404D
:10465000001800400040014000E0004000E400403D
:1046600010B50446002C03D094F83D0010B107E0CB
:10467000012010BD002084F83C00204600F018F80E
:10468000022084F83D002068211D01F085FC0120F6
:104690003D34E0726070A070E07020716071A071B4
:1046A000E07120726072A0722070002010BD0000C6
:1046B00008B50068154A1649904211D1086840F0C3
:1046C00004000860086800F00400009000221E202A
:1046D0001146FEF711FBBDE808401E20FEF7FEBAAA
:1046E0000C4A904211D1086840F008000860086840
:1046F00000F008000090002232201146FEF7FCFA7C
:10470000BDE808403220FEF7E9BA08BD00080040C5
:10471000E8440258000C004090F83D10012901D0F7
:1047200001207047022180F83D100168CA6842F0FC
:104730000102CA600068184988421AD0B0F1804F5F
:1047400017D01649884214D01549884211D015490E
:1047500088420ED0144988420BD01449884208D0B0
:104760001349884205D01349884202D01249884231
:104770000CD18168114A114006290BD0B1F5803F58
:1047800008D0016841F00101016003E0016841F0D7
:10479000010101600020704700000140000400405A
:1047A00000080040000C00400004014000180040D8
:1047B0000040014000E0004000E40040070001002C
:1047C00070B50446002594F83C00012815D0012658
:1047D00084F83C60022084F83D0020688268394BF0
:1047E0001A4022F47F4282600868702802462ED068
:1047F00010DC10F00F0F03D022E04FF0020070BD6C
:104800004FEA201007281BD2DFE800F05757575710
:104810004D394300B0F1101F4FD009DCB0F5805F77
:104820000FD0B0F5005F1ED0B0F5801F08D144E076
:10483000A0F58010203840D010283ED020283CD051
:1048400001253C34667000202070284670BDCB687E
:104850002068D1E9012101F01EFC2068816841F047
:1048600077018160EDE7CB682068D1E9012101F093
:1048700012FC2068816841F480418160E1E7CA68E8
:104880004968206805F064F82068502105F056F862
:10489000D7E7CA684968206805F06BF8206860218E
:1048A00005F04CF8CDE7CA684968206805F050F873
:1048B0002068402105F042F8C3E72068114605F062
:1048C0003DF8BEE788FFCEFF70472DE9F041044672
:1048D0002068C66805694FF00007A90714D5B1071D
:1048E00012D5F91E016101202077206880698007B8
:1048F00003D02046FFF7E8FF05E0204600F0CCF8A3
:10490000204600F0AFF92777680717D5700715D54F
:1049100021686FF004000861022020772068806918
:1049200010F4407F03D02046FFF7CEFF05E020467D
:1049300000F0B2F8204600F095F92777280716D541
:10494000300714D521686FF0080008610420207733
:104950002068C069800703D02046FFF7B5FF05E057
:10496000204600F099F8204600F07CF92777E80609
:1049700017D5F00615D521686FF0100008610820E2
:1049800020772068C06910F4407F03D02046FFF7ED
:104990009BFF05E0204600F07FF8204600F062F91A
:1049A0002777E80708D0F00706D021686FF00100EC
:1049B0000861204600F0F6F9280601D4A80408D5BD
:1049C000300606D521686FF4025008612046FFF7D3
:1049D000EAFDE80508D5300606D521686FF4807039
:1049E00008612046FFF7DEFD680608D5700606D58B
:1049F00021686FF040000861204600F08BFAA8069D
:104A00000AD5B00608D521686FF02000086120465D
:104A1000BDE8F041FFF7C8BDBDE8F08130B587B013
:104A20000446142102A8FBF7D1FD174D022221688C
:104A30000024164B1648A94211D1196841F0020111
:104A40001960196801F00201019102920392049425
:104A50000594069202A9FDF7B9FF07B030BD0D4DD0
:104A6000A942FAD1196841F002011960196801F0F0
:104A700002010191E91302910392049405940692B4
:104A800002A9FDF7A3FFE8E700040040E044025854
:104A90000004025800180040704770B504460D46E7
:104AA000002694F83C0001280BD0012084F83C003B
:104AB0000C2A4FD007DC82B1042A22D0082A06D162
:104AC00034E0022070BD102A59D0142A6BD0012680
:104AD000002084F83C00304670BD2068294604F070
:104AE000E9FD2068816941F00801816120688169E0
:104AF00021F004018161206881692A691143816183
:104B0000E6E72068294601F0D1FA2068816941F47E
:104B1000006181612068816921F480618161206880
:104B200081692A6941EA02218161D1E72068294629
:104B300004F010FE2068C16941F00801C1612068DD
:104B4000C16921F00401C1612068C1692A6911436A
:104B5000C161BDE72068294604F046FE2068C169AE
:104B600041F40061C1612068C16921F48061C161C3
:104B70002068C1692A6941EA0221C161A8E7206869
:104B8000294604F06BFE2068416D41F00801416543
:104B90002068416D21F0040141652068416D2A695A
:104BA0001143416594E72068294604F08FFE206890
:104BB000416D41F4006141652068416D21F48061DF
:104BC00041652068416D2A6941EA022141657FE71C
:104BD00010B50446002C03D094F83D0010B107E056
:104BE000012010BD002084F83C00204600F018F899
:104BF000022084F83D002068211D01F0CDF901203C
:104C00003D34E0726070A070E07020716071A0713E
:104C1000E07120726072A0722070002010BD000050
:104C200008B500680C4A0D49904208D1086840F068
:104C300002000860086800F00200009008BD084A01
:104C40009042FBD1086840F040000860086800F01E
:104C50004000009008BD000000040040E8440258F5
:104C6000001800407047000030B5044600290DD000
:104C700004290ED008290FD00C2910D0102911D0EA
:104C800094F84300012810D0012030BD94F83E0074
:104C9000F8E794F83F00F5E794F84000F2E794F85D
:104CA0004100EFE794F84200ECE70220F1B3042959
:104CB0004DD008294ED00C294FD0102950D084F85F
:104CC00043000122206801F0D9F92A4A20682A4BC2
:104CD0002A49904209D0984207D0884205D0284DF1
:104CE000A84202D0274DA84203D1456C45F40045A7
:104CF00045642068904218D0B0F1804F15D0224A08
:104D0000904212D0214A90420FD0214A90420CD0BA
:104D100098420AD01F4A904207D0884205D01E49C7
:104D2000884202D01D4988421DD100E00CE0816814
:104D30001B4A114006291AD0B1F5803F17D00168EF
:104D400041F00101016012E084F83E00B9E784F807
:104D50003F00B6E784F84000B3E784F84100B0E7CD
:104D600084F84200ADE7016841F0010101600020D4
:104D700030BD00000000014000040140004001403F
:104D80000044014000480140000400400008004089
:104D9000000C00400018004000E0004000E400402B
:104DA000070001004A490978002974D00068494980
:104DB000884204D14848406800286CD00047B0F1D0
:104DC000804F08D0454988420BD143481030406895
:104DD00000287CD00047404808304068002876D042
:104DE00000473F49884205D13B48183040680028B9
:104DF0006DD000473B49884205D137482030406894
:104E0000002864D000473849884205D1324828300C
:104E1000406800285BD000473449884205D12E48BD
:104E200030304068002852D000473149884205D1CF
:104E3000294838304068002849D000472D49884229
:104E400005D1254840304068002840D000472A4915
:104E5000884205D1204848304068002837D00047B4
:104E60002649884205D11C485030406800282ED081
:104E700000472349884205D1174858304068002828
:104E800025D000471F49884206D11348603040684A
:104E900000281CD000471AE01B49884205D10E4863
:104EA00068304068002812D000471849884205D170
:104EB000094870304068002809D0004714498842EA
:104EC00005D1054878304068002800D00047704779
:104ED000C801002400000140180000240004004024
:104EE00000080040000C004000100040001400408A
:104EF0000004014000180040001C00400020004059
:104F000000400140004401400048014000E00040F2
:104F100000E40040704790F88410012918D0012166
:104F200080F884102421C0F8881001680A680B6892
:104F300023F001030B6022F0005100224266036857
:104F400019602021C0F8881080F884200020704764
:104F50000220704710B50446D4F88C00202801D0F8
:104F6000022010BD51B14AB10120E0660020206747
:104F7000204601F0C5FC014611B105E0012010BD3D
:104F8000E06E012802D00121084610BD22681020E1
:104F90001062206850E8002F42F0100240E8002321
:104FA000002BF6D1F0E7000070B504465F4A206898
:104FB00090420FD15E4E06F58275D6F808220AB1EE
:104FC00028469047B6F8042229462046BDE870409E
:104FD000FFF7C0BF574A90420FD1574E06F5827572
:104FE000D6F808220AB128469047B6F80422294686
:104FF0002046BDE87040FFF7ADBF504A90420FD148
:105000004F4E06F58275D6F808220AB12846904719
:10501000B6F8042229462046BDE87040FFF79ABF43
:10502000484A90420FD1484E06F58275D6F80822BC
:105030000AB128469047B6F8042229462046BDE822
:105040007040FFF787BF414A90420FD1404E06F5AE
:105050008275D6F808220AB128469047B6F804228D
:1050600029462046BDE87040FFF774BF394A904298
:105070000FD1394E06F58275D6F808220AB12846B6
:105080009047B6F8042229462046BDE87040FFF755
:1050900061BF324A90420FD1314E06F58275D6F883
:1050A00008220AB128469047B6F80422294620462D
:1050B000BDE87040FFF74EBF2A4A90420FD12A4EFA
:1050C00006F58275D6F808220AB128469047B6F848
:1050D000042229462046BDE87040FFF73BBF234A23
:1050E00090420FD1224E06F58275D6F808220AB1F9
:1050F00028469047B6F8042229462046BDE870406D
:10510000FFF728BF1B4A90420FD11B4E06F5827550
:10511000D6F808220AB128469047B6F80422294654
:105120002046BDE87040FFF715BF70BD001001407C
:10513000A009002400440040AC0B002400480040BB
:10514000B80D0024004C0040C40F00240050004063
:10515000D011002400140140DC130024007800402A
:10516000E8150024007C0040F417002400180140DA
:10517000001A0024001C01400C1C0024704770B56C
:10518000044694F8840001281DD0012084F884008E
:105190002420C4F8880020680568026822F0010213
:1051A00002602068826822F060620A4382602046C2
:1051B00004F010FF206805602020C4F8880000205B
:1051C00084F8840070BD022070BD70B5044694F868
:1051D000840001281DD0012084F884002420C4F814
:1051E000880020680568026822F0010202602068D9
:1051F000826822F060420A438260204604F0EAFEA0
:10520000206805602020C4F88800002084F884000D
:1052100070BD022070BD7047704770472DE9F041A6
:1052200004462368D86919689A6840F60F0500EAB1
:105230000507002F0ED185060CD501F0200502F0E0
:105240008056354306D0616F00297DD02046BDE8E9
:10525000F041084700250226002F76D0CF4FDFF817
:1052600040C3174001EA0C0C57EA0C0C6DD05FEA02
:10527000C07C0CD05FEAC15C09D54FF0010CC3F8CB
:1052800020C0D4F8903043F00103C4F89030830775
:1052900009D5D30707D023681E62D4F8903043F0B5
:1052A0000403C4F8903043070AD5D30708D0266812
:1052B00004233362D4F8903043F00203C4F89030F2
:1052C00003070CD501F020033B4308D026680823D0
:1052D0003362D4F8903043F00803C4F890300305EB
:1052E0000BD54B0109D526684FF400633362D4F81F
:1052F000903043F02003C4F89030D4F89030002B65
:105300003CD0800609D501F0200002F0805108430E
:1053100003D0616F09B120468847D4F89000216816
:105320008968490602D410F0280F2DD0204604F0D9
:105330006BFB20688068400622D52068083050E862
:10534000001F21F0400101E018E023E040E80012D6
:10535000002AF2D1D4F8800068B192490165D4F8EE
:105360008000FBF747FC002808D0D4F88000016DCE
:10537000BDE8F04108472046FFF74FFFBDE8F08148
:105380002046FFF74AFFF9E72046FFF746FFC4F83B
:105390009050F3E7E76E012F7ED1C7067CD5CF068C
:1053A0007AD510201862206880684FF020034006EC
:1053B00073D5D4F880107C4A086890423AD07A4A73
:1053C0001832904236D0784A3032904232D0764A03
:1053D000483290422ED0744A603290422AD0724AAB
:1053E0007832904226D0704A9032904222D06E4A53
:1053F000A83290421ED06D4A90421BD06B4A1832A0
:10540000904217D0694A3032904213D0674A4832EE
:1054100090420FD0654A603290420BD0634A783296
:10542000904207D0614A9032904203D05F4AA8323E
:10543000904201D1406800E0406880B200289DD0D1
:10544000B4F85C20824299D9A4F85E00C869B0F52E
:10545000807F2FD0206850E8001F21F4807140E841
:105460000012002AF6D12068083050E8001F21F011
:10547000010140E80012002AF5D12068083050E808
:10548000001F21F0400140E80012002AF5D1C4F8C5
:105490008C30E566206801E049E016E050E8001F26
:1054A00021F0100140E80012002AF3D1D4F8800066
:1054B000FBF7E2F92667B4F85C00B4F85E10401A16
:1054C00081B22046FFF770FD58E734F85C0F618821
:1054D000401A81B260885C3C0028F5D00029F3D0E6
:1054E000206850E8002F22F4907240E80027002F37
:1054F000F6D12A4FFF432068083050E8002F3A4089
:1055000040E8002CBCF1000FF5D1C4F88C30E56602
:105510006567206850E8002F22F0100240E8002361
:10552000002BF6D126672046FFF73EFD26E7C50291
:1055300009D5550207D54FF4801018622046BDE802
:10554000F041FFF769BE03060CD501F0800302F4B9
:105550000002134306D0A16F0029B5D02046BDE854
:10556000F0410847420606D54A0604D52046BDE864
:10557000F04104F0CCBA020206D54A0004D5204618
:10558000BDE8F041FFF747BEC0019DD500299BDA79
:105590002046BDE8F041FFF7F1BD0000010000101A
:1055A00020010004339B0008100002401004024058
:1055B00010B50446002C03D0D4F8880010B107E0E1
:1055C000012010BD002084F88400204600F028F857
:1055D0002420C4F888002068016821F001010160DE
:1055E000A06A10B1204600F039FE204600F0F0FE1F
:1055F000012813D02068416821F49041416020685F
:10560000816821F02A0181602068016841F0010170
:1056100001602046BDE8104000F084BE012010BDAE
:105620002DE9F04FB5B00446142130A8FAF7CEFFAB
:10563000B82102A8FAF7CAFFA549002520684FF053
:105640000208A44E4FF004090F154FF0080A8842D3
:1056500062D102210020CDE902101F9502A8FDF7BA
:105660007BFD08B1FBF7FAF89A480830016841F46D
:1056700080110160006800F480100190306840F0F3
:1056800002003060306800F002000190306840F0A5
:1056900008003060306800F0080001904FF40050BE
:1056A0003090CDF8C480329533950E20349030A9D7
:1056B0008948FDF78BF9CDF8C090CDF8C4803295BC
:1056C0003395CDF8D0A030A98448FDF77FF9854EF9
:1056D0008348306041207060B560F5603761756166
:1056E000B5614FF48070F0614FF440303062756204
:1056F0003046FBF7ABFF08B1FBF7B0F8C4F88060A9
:10570000B463002235201146FDF7F6FA3520FDF787
:10571000E5FA35B0BDE8F08F7349DFF8B8B18842DB
:105720000BF1100B62D101210020CDE90210209570
:1057300002A8FDF711FD08B1FBF790F8DBF80000B7
:1057400040F01000CBF80000DBF8000000F0100083
:105750000190306840F001003060306800F00100D6
:1057600001904FF4C0603090CDF8C48032953395ED
:105770000720349030A95D48FDF728F9594E5C4860
:105780007836306029207060B560F56037617561EA
:10579000B561F561356275623046FBF757FF08B1B8
:1057A000FBF75CF8C4F88060B46351484D4E183084
:1057B000F03630602A2070604020B060F5603761BC
:1057C0007561B561F561356275623046FBF73EFF84
:1057D00008B1FBF743F8E667B463002225201146C1
:1057E000FDF78AFA2520FDF779FA92E741498842C8
:1057F0008FD101200021CDE90201209502A8FDF7FB
:10580000ABFC08B1FBF72AF8DBF8000040F08000A1
:10581000CBF80000DBF8000000F080000190306859
:1058200040F010003060306800F010000190CDF8BA
:10583000C090CDF8C48032953395CDF8D09030A982
:105840002D4E3046FDF7C2F8CDF8C0A0CDF8C4808B
:10585000329533950B20349030A93046FDF7B6F8D9
:10586000264E23483030306076207060B560F56099
:1058700037617561B561F561356275623046FBF778
:10588000E5FE08B1FAF7EAFFC4F88060B46318488F
:105890001A4E483078363060772070604020B06013
:1058A000F56037617561B561F561356275623046E5
:1058B000FBF7CCFE08B1FAF7D1FFE667B46300222C
:1058C0009C201146FDF718FA9C20FDF707FA20E707
:1058D00000500040E044025800040258000C0258F6
:1058E00010040240A00600240010014000000258ED
:1058F00028000240001C0140001002580808002443
:10590000704770477047FEE708B51D48016841F0D1
:1059100001010160016801F001010091016841F09D
:1059200002010160006800F00200009000220C20DB
:105930001146FDF7E1F90C20FDF7D0F900220D200A
:105940001146FDF7D9F90D20FDF7C8F900220E2008
:105950001146FDF7D1F90E20FDF7C0F900220F2006
:105960001146FDF7C9F90F20FDF7B8F900223820DC
:105970001146FDF7C1F9BDE808403820FDF7AEB982
:10598000D844025810B519481749016000218160B8
:10599000C1600122027441748274032343610A22AC
:1059A00082611D24C461026243628262C462026336
:1059B00040F2A462426383630422C2630823036447
:1059C00042648364C264016542658165C1652023C8
:1059D000036641668266FCF7DDFC002803D0BDE863
:1059E0001040FAF73BBF10BD00A00040D4010024D6
:1059F00010B519481749016000218160C16001227A
:105A0000027441748274032343610A2282611D245B
:105A1000C461026243628262C462026340F2A462B1
:105A2000426383630422C263082303644264836481
:105A3000C264016542658165C165202303664166D4
:105A40008266FCF7A7FC002803D0BDE81040FAF7F7
:105A500005BF10BD00A400407402002410B5194811
:105A60001749016000218160C16001220274417404
:105A70008274032343610A2282611D24C46102628D
:105A800043628262C462026340F2A462426383633F
:105A90000422C2630823036442648364C264016510
:105AA00042658165C1652023036641668266FCF715
:105AB00071FC002803D0BDE81040FAF7CFBE10BD3E
:105AC00000D4004014030024F0B587B0142102A8CC
:105AD000FAF77CFD3748016841F010010160016868
:105AE00001F010010191016841F0040101600168B9
:105AF00001F004010191016841F080010160016839
:105B000001F080010191016841F00201016001682A
:105B100001F002010191016841F008010160016892
:105B200001F008010191016841F001010160006884
:105B300000F001000190204F00224FF42041384630
:105B4000FDF755F80122384695032946FDF74FF831
:105B50004FF4C040029001240394022004900026D8
:105B6000059602A93846FCF731FFE0030290039442
:105B70000494059602A93846FCF728FF02954FF4D5
:105B800004150395049402A90C48FCF71FFF4FF479
:105B9000E05002900395049402A93846FCF716FFE2
:105BA000002228201146FDF7A7F82820FDF796F8D7
:105BB00007B0F0BDE0440258000802580010025837
:105BC00010B58AB000240794089409941C216846F3
:105BD000FAF7FCFC164815490160EF21416084602A
:105BE00040F2E731C160046180218161FEF7F0FF7E
:105BF00008B1FAF733FE0794099407A90C48FEF799
:105C0000D5FC08B1FAF72AFE6020009001940294B6
:105C10000494042206486946FEF73FFF08B1FAF7EC
:105C20001DFE0348FEF7FAFE0AB010BD0018004042
:105C30009804002410B58AB00024079408940994AD
:105C40001C216846FAF7C2FC1548144901604460FB
:105C50008460FF21C16004618461FEF7B9FF08B16F
:105C6000FAF7FCFD0794099407A90D48FEF79EFC7E
:105C700008B1FAF7F3FD602000900194029404202B
:105C800004900C2206486946FEF707FF08B1FAF7B0
:105C9000E5FD0348FEF7C2FE0AB010BD0004004057
:105CA000B403002410B588B000240494059406942D
:105CB0000794019402940394134812490160EF2160
:105CC000416084606321C16004618461FEF7C8FCA7
:105CD00008B1FAF7C3FD4FF4805004900A4804A9B4
:105CE000FEF76EFD08B1FAF7B9FD0194039401A91E
:105CF0000548FEF75BFC002801D0FAF7AFFD08B0BD
:105D000010BD0000000800400004002410B588B059
:105D10000024049405940694079401940294039437
:105D2000134812490160EF214160846040F2E7317D
:105D3000C16004618461FEF793FC08B1FAF78EFD3F
:105D40004FF4805004900A4804A9FEF739FD08B1C9
:105D5000FAF784FD0194039401A90548FEF726FC97
:105D6000002801D0FAF77AFD08B010BD000C004001
:105D70004C04002410B519481749016018494160C6
:105D80004FF4805181604900C160C9100161042154
:105D9000416100218161C161016241628162FFF75D
:105DA00007FC08B1FAF75AFD0C480021FFF70DFA7D
:105DB00008B1FAF753FD09480021FFF7E0F908B1EF
:105DC000FAF74CFD0548FFF7A6F8002803D0BDE818
:105DD0001040FAF743BD10BD00500040E404002419
:105DE000A086010010B51848164901604FF41651FD
:105DF000416000218160C16001610C2242618161CA
:105E0000C161016241628162FFF7D2FB08B1FAF71A
:105E100025FD0D480021FFF7D8F908B1FAF71EFD5E
:105E200009480021FFF7ABF908B1FAF717FD06485A
:105E3000FFF771F8002803D0BDE81040FAF70EBD57
:105E400010BD0000001C01400C06002410B51848CD
:105E5000164901604FF4E131416000218160C16069
:105E600001610C2242618161C16101624162816212
:105E7000FFF79EFB08B1FAF7F1FC0D480021FFF790
:105E8000A4F908B1FAF7EAFC09480021FFF777F90D
:105E900008B1FAF7E3FC0648FFF73DF8002803D005
:105EA000BDE81040FAF7DABC10BD00000010014058
:105EB00078050024FEE7FEE770477047FCF7A4BEB4
:105EC00010B52748016841F470010160254A106847
:105ED00000F00F00072804D2106820F00F00C01D4A
:105EE00010602149086840F0010008601E4B002046
:105EF000103318600B681D4C23400B60136803F0CF
:105F00000F03072B04D9136823F00F03DB1D136065
:105F1000154A18321060121D1060121D1060124BCD
:105F2000134A28331A601B1D124A1A601B1D124A9D
:105F30001A601B1D18601B1D1A601B1D18601B1D9D
:105F40001A601A1D10600A6822F480220A6006494D
:105F50006031086043F2D2000849086010BD0000BB
:105F600088ED00E000200052004402587FEDF6EA80
:105F7000000202020000FF01800201010040005205
:105F80000148FEF7A2BC0000000400240148FEF70F
:105F90009CBC00004C0400242DE9F04F02684FF037
:105FA000804B2C4DDFF8B080DFF8B090A842DFF8CE
:105FB000B0A02C4B09D0584507D0404505D04845E6
:105FC00003D0504501D0984203D122F070044A68B2
:105FD0002243254E254FA842DFF894C015D05845DE
:105FE00013D0404511D048450FD050450DD09842B0
:105FF0000BD0B04209D0B84207D0604505D01D4C47
:10600000A04202D01C4CA04203D122F44074CA68C2
:1060100022434C6922F08002224302608A68C262F5
:106020000A688262A84207D0984205D0B04203D0E5
:10603000B84201D0604501D1096901630121416184
:106040000169C90703D0016921F001010161BDE8BF
:10605000F08F0000000001400004004000080040F4
:10606000000C004000040140004001400044014099
:106070000048014000E0004000E4004010B501236A
:1060800001F01F018B40046A9C430462036A8A404A
:106090001343036210BD10B5846824F47F4442EAC0
:1060A00003220A432243826010BD0000F0B5056A56
:1060B000026A22F010020262426883691A4C23408D
:1060C00023F440730C6843EA042425F020038D6810
:1060D00043EA0513154D164EA84201D0B04206D131
:1060E00023F08003CF6843EA071323F04003A8425C
:1060F0000AD0B04208D00F4DA84205D00E4DA8429C
:1061000002D00E4DA84209D122F4806222F400622E
:106110004D6942EA85028D6942EA850242608461E6
:10612000496881630362F0BDFF8FFFFE00000140FC
:10613000000401400040014000440140004801408B
:1061400008B501F0CDF89FED2D0A0420F0EE400ACD
:1061500001F09AF82A492B4800F0BAFC2A492B484A
:1061600000F0B6FC2A4924222A4801F073F92A4992
:106170002A4801F0CFF82A492A4801F0CBF82B48E9
:106180009FED290A01F0FEFC2049FD2328487F22CB
:1061900003F026F800200090024625481B49012301
:1061A0006C38DFED241AB2EE041AF3EE090AB2EEEF
:1061B000090A02F01FFF20494FF4806000F0EAFC5A
:1061C0001E494FF4006000F0E5FC1D494FF480507B
:1061D00000F0E0FC1B494FF4804000F0DBFC0F486E
:1061E000FEF79AFA0F48FEF797FA17490120087050
:1061F0004FF4FA60BDE80840FBF796BD00000000D0
:10620000A9700008D4010024ED7000087402002475
:10621000E96F0008E4040024C971000800040024A8
:10622000417000084C0400248FC2F53C241E002459
:106230000C270024DA2D2441117000081D7000087D
:106240002970000835700008C8010024704700005C
:106250000148FEF7E3BF0000E404002490F8281092
:10626000090706D501684A68836B22F400421A4385
:106270004A6090F82810C90706D001684A68C36AC6
:1062800022F400321A434A6090F82810890706D594
:1062900001684A68036B22F480321A434A6090F81E
:1062A0002810490706D501684A68436B22F480220A
:1062B0001A434A6090F82810C90606D501688A6812
:1062C000C36B22F480521A438A6090F82810890622
:1062D00006D501688A68036C22F400521A438A606A
:1062E00090F82810490611D501684A68436C22F4D9
:1062F00080121A434A60416CB1F5801F06D10168D3
:106300004A68836C22F4C0021A434A6090F828104D
:10631000090606D501684A68C06C22F400220243CF
:106320004A6070472DE9F84304460025C4F89050B0
:10633000FCF764FC8046206800686FF07E474FF0F1
:106340002006000716D50022434631042046009758
:1063500000F028FB70B1206850E8001F21F0800198
:1063600040E80012002AF6D18434666025700320CC
:10637000BDE8F88320680068400720D50022434626
:106380004FF480012046009700F00CFBB8B1206864
:1063900050E8001F21F4907140E80012002AF6D165
:1063A0002068083050E8001F21F0010140E8001289
:1063B000002AF5D18434A66025700320D8E76C3418
:1063C000E66126622560656025760020D0E7000042
:1063D0002DE9F04387B004460026DFF8FC932068DF
:1063E0002269A168E369114362691A431143026893
:1063F000FA4B1A400A43026020684168E26821F4BF
:10640000405111434160A0692168494501D0226A89
:1064100010438A68F24B1A4002438A602068C16ABE
:10642000626A21F00F011143C162EE4A2068EE4911
:1064300090421DD1096801F03801182912D005DCFD
:1064400051B108290AD0102904D109E020290BD024
:1064500028290BD080212DE101212BE1042129E104
:10646000082127E1102125E1202123E1402121E11C
:10647000DE4A904217D1096801F00701062910D2BF
:10648000DFE801F0030507090B0D002112E10421EB
:1064900010E108210EE110210CE120210AE1402148
:1064A00008E1802106E1D24A904217D1096801F043
:1064B0000701062910D2DFE801F0030507090B0DDB
:1064C0000021F7E00421F5E00821F3E01021F1E0DC
:1064D0002021EFE04021EDE08021EBE0C54A904231
:1064E00017D1096801F00701062910D2DFE801F091
:1064F000030507090B0D0021DCE00421DAE0082187
:10650000D8E01021D6E02021D4E04021D2E0802143
:10651000D0E0B94A904217D1096801F00701062975
:1065200010D2DFE801F0030507090B0D0021C1E0DF
:106530000421BFE00821BDE01021BBE02021B9E02B
:106540004021B7E08021B5E0AC4A90421DD10968F6
:1065500001F03801182912D005DC51B108290AD000
:10656000102904D109E020290BD028290BD0802143
:10657000A0E001219EE004219CE008219AE0102186
:1065800098E0202196E0402194E09D4A904217D166
:10659000096801F00701062910D2DFE801F00305C0
:1065A00007090B0D002185E0042183E0082181E02B
:1065B00010217FE020217DE040217BE0802179E0F7
:1065C000904A904217D1096801F00701062910D2BC
:1065D000DFE801F0030507090B0D00216AE0042143
:1065E00068E0082166E0102164E0202162E040219B
:1065F00060E080215EE0844A90421DD1096801F08C
:106600003801182912D005DC51B108290AD0102907
:1066100004D109E020290BD028290BD0802149E0A2
:10662000012147E0042145E0082143E0102141E039
:1066300020213FE040213DE0744A90421DD109688D
:1066400001F03801182912D005DC51B108290AD00F
:10665000102904D109E020290BD028290BD0802152
:1066600028E0012126E0042124E0082122E0102175
:1066700020E020211EE040211CE0484519D15A4964
:10668000091D096801F00701062910D2DFE801F0B1
:10669000030507090B0D02210CE004210AE0082183
:1066A00008E0102106E0202104E0402102E08021E2
:1066B00000E08021564D4C4A4FF4004C554F4FF0AE
:1066C00000082B11543A484556D110292BD006DC2E
:1066D00002291AD004291CD0082904D11EE020293F
:1066E00029D0402929D000250126EDB3606A37F86A
:1066F0001020B5FBF2F0676807EB4701814202D832
:10670000B0EB073F1BD90126EDE0FCF753FB054634
:10671000EBE704A8FCF760FB059DE6E701A8FCF7A2
:106720003BFC029DE1E710688006DED51068C0F3EF
:10673000C100C540D9E71D46D7E76546D5E7002328
:1067400028461946F9F754FE0902020241EA10618F
:10675000780810183A46002341EB0801F9F748FE83
:106760002D4AA0F5407100E058E0914202D821681E
:10677000C860B8E00126B6E0E0694FF6EF79604501
:106780006DD1082958D005DC29B301294BD0042943
:1067900006D14CE0102954D020295AD040295AD093
:1067A00000250126D5B3606A37F81000B5FBF0F07C
:1067B0004100606801EB5001B1FBF0F0A0F1100165
:1067C00049454AD84FF6F0710140C0F342000143F9
:1067D0002068C16087E022E0000C0058F369FFCF19
:1067E000FFF4FF11001001405444025800440040DF
:1067F00000480040004C00400050004000140140A0
:1068000000780040007C004000180140001C01405E
:106810000090D00340AA0008FFFC0F0061E0FDF7E4
:10682000C3FA0546BEE7FDF7D1FA0546BAE704A864
:10683000FCF7D2FA059DB5E701A8FCF7ADFB029D78
:10684000B0E710688006ADD51068C0F3C100C54040
:10685000A8E71D46A6E76546A4E7012643E0082908
:106860002ED005DCF9B1012921D0042906D122E07E
:1068700010292AD0202930D0402930D000250126E7
:106880007DB3606A37F81000B5FBF0F1606801EB8A
:106890005001B1FBF0F0A0F11001494522D8216868
:1068A00080B2C8601FE0FDF77FFA0546E8E7FDF714
:1068B0008DFA0546E4E704A8FCF78EFA059DDFE7AC
:1068C00001A8FCF769FB029DDAE710688006D7D5BE
:1068D0001068C0F3C100C540D2E71D46D0E7654649
:1068E000CEE700E001260120683460802080C4F8F3
:1068F0000C80C4F8108007B03046BDE8F08300007B
:1069000070B5044644F8581FA2800021A1632220DC
:106910006063A06A583C00281DD01F4BC363241D30
:106920001E48E36F1864E36F1D48D864E06F01658B
:10693000134654F8041CE56F606D2431241F024691
:106940002846FBF77BF830B110208C3460602020A3
:106950002060012070BD206940B1206850E8001F10
:1069600041F4807140E80012002AF6D12068083016
:1069700050E8001F41F0010140E80012002AF5D163
:106980002068083050E8001F41F0400140E8001244
:10699000002AF5D1002070BD8B9A0008E799000805
:1069A000979900082DE9F04704460D46174698468A
:1069B000089E4FF0000935E0701C33D0FCF71EF93B
:1069C000A0EB0800B04219D8C6B120680168490799
:1069D00028D5802D26D0402D24D0C169C943090770
:1069E0000ED4206808250562204603F00DF8C4F88F
:1069F000905084F884900120BDE8F0870320FBE7E5
:106A0000C069C04300050DD421684FF400600862DE
:106A1000204602F0F9FF2020C4F8900084F884900A
:106A20000320E9E72068C06935EA000004D00020AF
:106A3000B842C1D00020DFE70120F9E70148FEF7A6
:106A4000EDBB00000C0600240148FEF7E7BB000088
:106A500078050024FEE700002DE9F041FDF7C8F9B4
:106A6000064630002AD016484068164A1168431A74
:106A70004FF00008D2E90241E41841EB08010D464D
:106A8000C2E9024110600023324629462046F9F748
:106A9000AFFC0D4F38604FF47A70B6FBF0F243460E
:106AA00029462046F9F7A4FC786043460748294662
:106AB000B6FBF0F22046F9F79BFCB860BDE8F08128
:106AC000001000E090010024181E002440420F0036
:106AD00010B504461F4A206890420FD11E4804603A
:106AE000416300231A461946204600F08FFB00231D
:106AF00020460E211A4600F089FB26E0174A9042F4
:106B000010D1154838300460416300231A461946F5
:106B1000204600F07BFB002320460E211A4600F0A1
:106B200075FB12E00E4A90420FD10B4870300460A2
:106B30004163002310211A46204600F067FB002322
:106B400020461A211A4600F061FB2046BDE810409D
:106B5000FBF7A4BE00A00040F808002400A40040F9
:106B600000D400404FF4004102460148FCF73FB812
:106B7000000802584FF4005102460148FCF737B8AC
:106B8000000802584FF4804102460148FCF72FB834
:106B900000080258012802D1394A108051600228A9
:106BA00028D004282BD008282ED0102831D0202817
:106BB00034D0402837D080283AD0B0F5807F3CD000
:106BC000B0F5007F3ED0B0F5806F40D0B0F5006FDB
:106BD00042D0B0F5805F44D0B0F5005F46D0B0F54C
:106BE000804F48D0B0F5004F03D1254A783210804D
:106BF00051607047224A0832108051607047204A25
:106C000010321080516070471D4A18321080516058
:106C100070471B4A2032108051607047184A283252
:106C2000108051607047164A3032108051607047B2
:106C3000134A3832108051607047114A4032108038
:106C4000516070470E4A48321080516070470C4ABC
:106C50005032108051607047094A5832108051609C
:106C60007047074A6032108051607047044A6832AA
:106C7000108051607047024A703210805160704736
:106C80001001002410B58AB00C9C01910021002B4A
:106C900002D0012B02D004E0029102E04FF08043C9
:106CA00002930391092C1DD2DFE804F01C05080BA8
:106CB0000E1114171A000123049313E00223049306
:106CC00010E0032304930DE0042304930AE005235A
:106CD000049307E00623049304E00723049301E0F0
:106CE000082304930591069107910891099101A940
:106CF000FBF76EF80AB010BDF0B50346714CA34225
:106D000047D1714B0C29714C714D724E724F08D2A4
:106D1000DFE801F00706080A0C0E151C232A31389B
:106D20006948F0BD981CF0BD181DF0BD981DF0BD60
:106D30001AB1012AFBD16648F0BD6448F0BD1AB112
:106D4000012AFBD1A81CF0BDA01CF0BD1AB1012A7C
:106D5000FBD1281DF0BD201DF0BD1AB1012AFBD1C9
:106D6000A81DF0BDA01DF0BD1AB1012AFBD15A48E3
:106D7000F0BD5848F0BD1AB1012AFBD1B81CF0BDD6
:106D8000B01CF0BD1AB1012AFBD1381DF0BD301D79
:106D9000F0BD524CA34248D1514C0C29514D524B9D
:106DA000524E534FF4D2DFE801F00607090B0D0FE6
:106DB000161D242B3239EBE74948F0BDA01CF0BD6D
:106DC000201DF0BDA01DF0BD1AB1012AFBD146481F
:106DD000F0BD4448F0BD1AB1012AFBD1981CF0BDAA
:106DE000A81CF0BD1AB1012AFBD1181DF0BD281D49
:106DF000F0BD1AB1012AFBD1981DF0BDA81DF0BD50
:106E00001AB1012AFBD13A48F0BD3848F0BD1AB199
:106E1000012AFBD1B81CF0BDB01CF0BD1AB1012A8B
:106E2000FBD1381DF0BD301DF0BD324CA342FBD16B
:106E3000314B0C29314C324D324E334FF4D2DFE816
:106E400001F00607090B0D0F161D242B3239EBE755
:106E50002948F0BD981CF0BD181DF0BD981DF0BD6F
:106E60001AB1012AFBD12648F0BD2448F0BD1AB161
:106E7000012AFBD1A81CF0BDA01CF0BD1AB1012A4B
:106E8000FBD1281DF0BD201DF0BD1AB1012AFBD198
:106E9000A81DF0BDA01DF0BD1AB1012AFBD11A48F2
:106EA000F0BD1848F0BD1AB1012AFBD1B81CF0BDE5
:106EB000B01CF0BD1AB1012AFBD1381DF0BD301D48
:106EC000F0BD0000D4010024A0000024980000249C
:106ED000B0000024A8000024B8000024740200249C
:106EE000C8000024C0000024D8000024D0000024E2
:106EF000E000002414030024F0000024E800002433
:106F000000010024F800002408010024401A01EECA
:106F1000100A501AF8EEC11A01EE100AB8EEC12A92
:106F200081EE821A70EEC00A01EE200A704700005E
:106F3000DFED050A054920EE200A0968BCEEC00A0B
:106F400010EE100A8863704700007A449804002409
:106F500010B59CB04C2109A8F9F738FB202101A8F5
:106F6000F9F734FB0220FBF7F9FE00241D48016805
:106F700021F440410160016801F440410091016841
:106F80008904FCD50121099108040A90022012907D
:106F9000139014902822159216910421179118909D
:106FA0000C2019901A941B9409A8FCF7FBFF08B158
:106FB000F9F754FC3F20019003200290039408202D
:106FC000049040200590069001010791089003214C
:106FD00001A8FCF789FD002801D0F9F73FFC1CB09F
:106FE00010BD00001848025810B50146034800F0D3
:106FF00027FCBDE81040014800F046BD241E0024D7
:1070000010B5FFF729FD0148406810BD181E002487
:10701000014801F0FABB0000C41F0024014801F040
:10702000F4BB0000EC1F0024014801F0EEBB00009F
:1070300014200024014801F0E8BB00003C2000249B
:1070400010B5FFF709FD0D4CA068401CA0606078EA
:10705000401CC0B26070642804D3094800F083FD6E
:1070600000206070074801F0B2FF06486C3002F063
:107070009FF8BDE81040024800F080BDC801002420
:10708000241E0024A0260024DFED050A054920EE79
:10709000200A0968BCEEC00A10EE100A08647047A6
:1070A00000FF7F47B4030024026800F12801A2F525
:1070B0000072013A08D0012A09D0022A0AD0032A14
:1070C0000BD1064801F01ABE054801F017BE05486D
:1070D00001F014BE044801F011BE70477C23002467
:1070E000642000246C2100247422002430B4016840
:1070F00040F6341400F12802A142A1F634131DD049
:1071000012DC40F631139942A1F631101BD006DC97
:1071100059B3FD292FD130BC184802F023B80128FB
:1071200017D0022827D11AE0A3F5C063FD3B0AD08F
:10713000012B0ED0022B12D0032B1CD130BC1048D7
:10714000114601F0F9BB0E48114630BCF03801F091
:10715000F3BB0B48114630BCA03801F0EDBB08482A
:10716000114630BC503801F0E7BB0448114630BC32
:107170006C3801F027BF30BC704700000C2700249A
:10718000742500240378427842EA0323002902D0C0
:107190000A70007848701846704730B54478037814
:1071A0008578C278240442EA036344EA0524234331
:1071B000002906D00A7082784A7042788A70007876
:1071C000C870184630BD000070B50D4D4FF4806199
:1071D0002846FBF705FD0B4CA0704FF400612846D4
:1071E000FBF7FEFCE0704FF480512846FBF7F8FCFB
:1071F00020714FF480410448FBF7F2FC607170BDD0
:1072000000080258C801002400100258F0B589B0E7
:1072100007460C464FF00006A00701D4019602E095
:107220004FF080400190E008029002210391600736
:107230004FF0010501D4049500E0049105920693F6
:1072400001A93846FAF7FBFDE0070FD002223846C5
:10725000012311460095FAF736FE60070ED400228E
:1072600038460121FAF772FD09B0F0BD0222384616
:10727000002311460096FAF726FEEEE70022384674
:107280001021FAF763FDEFE710B504462DED028BF0
:10729000F0EE408AB0EE608AC4F30000FFF76AFCAB
:1072A000C4F34000FFF76EFCC4F38000FFF75AFC04
:1072B00009480C21FDF7D8FC08480421FDF7D4FC4F
:1072C000B0EE680AFFF7E0FEB0EE480ABDEC028BB4
:1072D000BDE81040FFF72CBEB4030024980400243E
:1072E0000948016841F0807101600848002141604F
:1072F000016841F001010160416805480160002218
:107300008260C26070470000FCED00E0001000E009
:10731000900100243F4B02689A4203D13E4A10601C
:1073200051607047B2F1804F07D03C4B9A4209D16F
:10733000394A1032106051607047374A0832106085
:1073400051607047364B9A4204D1334A183210606C
:1073500051607047334B9A4204D12F4A203210605B
:1073600051607047304B9A4204D12B4A283210604A
:10737000516070472D4B9A4204D1274A3032106039
:10738000516070472A4B9A4204D1234A3832106028
:1073900051607047274B9A4204D11F4A4032106017
:1073A00051607047244B9A4204D11B4A4832106006
:1073B00051607047214B9A4204D1174A50321060F5
:1073C000516070471E4B9A4204D1134A58321060E4
:1073D000516070471B4B9A4204D10F4A60321060D3
:1073E00051607047184B9A4204D10B4A68321060C2
:1073F00051607047154B9A4204D1074A70321060B1
:1074000051607047124B9A42FBD1034A78321060A8
:107410005160704700000140180000240004004043
:1074200000080040000C0040001000400014004024
:107430000004014000180040001C004000200040F3
:1074400000400140004401400048014000E000408D
:1074500000E4004030B4474C0368A3420AD1464BD5
:107460001860C3F80812A3F8042203F5827130BC37
:10747000FDF770BD414CA3420AD1414B1860C3F8DF
:107480000812A3F8042203F5827130BCFDF762BD37
:107490003C4CA3420AD13C4B1860C3F80812A3F835
:1074A000042203F5827130BCFDF754BD374CA34272
:1074B0000AD1374B1860C3F80812A3F8042203F569
:1074C000827130BCFDF746BD324CA3420AD1324B2B
:1074D0001860C3F80812A3F8042203F5827130BCC7
:1074E000FDF738BD2D4CA3420AD12D4B1860C3F8CF
:1074F0000812A3F8042203F5827130BCFDF72ABDFF
:10750000284CA3420AD1284B1860C3F80812A3F8EC
:10751000042203F5827130BCFDF71CBD234CA3424D
:107520000AD1234B1860C3F80812A3F8042203F50C
:10753000827130BCFDF70EBD1E4CA3420AD11E4B1A
:107540001860C3F80812A3F8042203F5827130BC56
:10755000FDF700BD194CA3420AD1194B1860C3F8BE
:107560000812A3F8042203F5827130BCFDF7F2BCC7
:1075700030BC704700100140A009002400440040C6
:10758000AC0B002400480040B80D0024004C004023
:10759000C40F002400500040D0110024001401400A
:1075A000DC13002400780040E8150024007C004033
:1075B000F417002400180140001A0024001C0140A8
:1075C0000C1C002410B50420012B0DD00224022B2A
:1075D00018D0032B07D1012A22D0022A22D0032A55
:1075E00001D10320087010BD012A06D0022A07D05D
:1075F000032AF8D10120087010BD0020087010BDCA
:10760000087010BD012A06D0022A06D0032AF8D13C
:107610000520087010BD0C7010BD0620087010BD4C
:107620000C7010BD087010BD0FB4BDF80410BDF88B
:107630001820C1F30A01C2F30A02914222D1BDF817
:1076400005100023BDF81920C1F3CA01C2F3CA0214
:10765000914217D1DDF80510DDF81920C1F38A3108
:10766000C2F38A3291420DD1BDF80810BDF81C203A
:10767000C1F34A01C2F34A02914203D180F8753046
:1076800004B07047012180F87510F9E7F0B50446A1
:107690002DED028B8DB0216804F1100012220746F7
:1076A00001F58271F8F760FF256805F58275002104
:1076B0002888C0F30A0003F09CF800EE100A94ED4D
:1076C000028AD4ED038A30EE480AC0EE280AC4EDDF
:1076D0001E0AB5F801000021C0F3CA0003F089F8C2
:1076E00000EE100A30EE480AC0EE280AC4ED1F0A68
:1076F000D5F801000021C0F38A3003F07AF800EEDB
:10770000100A30EE480AC0EE280AC4ED200AA88804
:107710000021C0F34A0003F06CF800EE100A30EECE
:10772000480AC0EE280AC4ED210A94F8270004F1A3
:1077300088018309687982092046FFF743FF94F89E
:10774000270004F18901C0F301136879C0F3011225
:107750002046FFF737FF94F87600E0BBB5F9060046
:1077600000EE100AF8EEC00A9FED340A60EE800ABF
:10777000C4ED230AB5F9080000EE900AF8EEE00A1D
:1077800060EE800AC4ED240AB5F90A0000EE900A02
:10779000F8EEE00A20EE800A84ED250A94F82E30F7
:1077A00004F198012A7B204600F0C0F894F82F30AD
:1077B00004F199016A7B204600F0B8F80026208E7B
:1077C000F04000F00103E889F040A11900F0010247
:1077D00020469A3100E004E000F0A8F8761C102E54
:1077E000EDDB288A0021C0F30A0003F002F800EE66
:1077F000100AD4ED020A30EE600AD4ED030A80EEDE
:10780000201A84ED2B1A1222394602A8F8F7ACFE92
:10781000D4F82E001222009004F12201608EADF8FF
:10782000040008A8F8F75BFE08A920460EC9FFF778
:10783000FBFE0DB0BDEC028BF0BD00000000003877
:1078400010B50446206E401C20662046FFF71EFF40
:10785000216804F12200BDE81040122201F5827176
:10786000F8F73DBEF0B5D0E91824D0E91A13002688
:107870000125A24208D1994206D1703006710788CD
:107880007F1C20F8707901E080F87450994202D191
:1078900080F8766001E080F87650A24202D180F84C
:1078A000776001E080F877504266C166F0BD000065
:1078B0000968124A914202D1114901607047114A88
:1078C000914202D1104901607047104A914202D1A1
:1078D0000F49016070470F4A914202D10E49016081
:1078E00070470E4A914202D10D49016070470D4A1E
:1078F0009142FBD10C49016070470000001001402B
:10790000A009002400440040AC0B002400480040C3
:10791000B80D0024004C0040C40F0024005000406B
:10792000D011002400140140DC130024002B07D0E8
:10793000012B04D16AB1012A01D1012008707047DE
:1079400022B1012AFBD10220087070470020087084
:10795000704703200870704770B504462DED068B04
:10796000204600F09BF8DFED469A94F87508012850
:1079700075D194F87408002871D194ED200A02F0B2
:107980002FFF04F50065D5ED1E0AB4EEE00AF1EE16
:1079900010FA02DDD4ED208A01E0F0EE698A94ED60
:1079A000210A02F01DFFD5ED1E0AB4EEE00AF1EE49
:1079B00010FA02DD94ED219A01E0B0EE699A94ED9F
:1079C0002B0A02F00DFFD5ED1E0AB4EEE00AF1EE2F
:1079D00010FA01DDD4ED2B9A68EEA80AB7EE00AAE2
:1079E000F6EE00AAB0EE4A0A00EEEA0A02F052FCF5
:1079F00060EE090A04F1B00606F5806595EDCC0A43
:107A000020EE808A69EE090AB0EE4A0A00EEEA0A20
:107A100002F040FCF1EE680A60EE200A95EDCD0A16
:107A200060EE800A95EDCE0A164820EE290A80ED18
:107A3000000A90ED011A31EE001A80ED011A94F857
:107A4000890078B1062811D0032808D1022086F8D1
:107A5000F00685EDEE8AC5EDEF0A85EDF00ABDEC86
:107A6000068B70BD012086F8F006F8E7022086F844
:107A7000F00685EDEE8AC5EDEF0A85EDF01AEEE72A
:107A800000000000C0010024034610B5184600F0B5
:107A900005F8BDE810401846FFF75EBF024600B586
:107AA000104600F00CF892F87408022803D0012068
:107AB00082F8750800BD002082F8750800BD90EDC1
:107AC000200AB5EEC00AF1EE10FA1BD190ED210AA2
:107AD000B5EEC00AF1EE10FA14D190ED1E0AB5EE23
:107AE000C00AF1EE10FA0DD190ED1F0AB5EEC00AF2
:107AF000F1EE10FA06D190ED2B0AB5EEC00AF1EEC8
:107B000010FA03D0002180F87418704790ED230A12
:107B1000B5EEC00AF1EE10FA19D190ED240AB5EED7
:107B2000C00AF1EE10FA12D190ED250AB5EEC00AA6
:107B3000F1EE10FA0BD190F89C1041B990F89D101D
:107B400029B990F89A1011B990F89B1019B1012138
:107B500080F87418704790F874100029FAD1022147
:107B600080F87418704710B504462046FFF77AFE77
:107B700004F1B000BDE8104000F04EBBB03000F0A2
:107B800062BB000010B504462DED028BB0EE408ABA
:107B90000A492046FFF78CFEB2EE001AF1EE000A09
:107BA000B1EE000A04F1B00000F0AAFB04F5006495
:107BB00084ED1E8ABDEC028B10BD0000E40400249D
:107BC0002DE9F04104462DED028B82B094F8F006C9
:107BD0009FED5B8A002804D001281DD002280ED119
:107BE00041E00020211891F8A41749B100EB4011A1
:107BF00004EBC10181EDA28A401C0428F2DB7AE08B
:107C000000EB4011032204EBC10181F88022B1EEA8
:107C10000E0A81EDA20AEFE7002505EB451004EB03
:107C2000C00000F5C8768046012086F8F00005EB1C
:107C3000850004EB0017012007F5B66787F83800C8
:107C40003046B0EE480A02F0ECF9B0EE480A08F50A
:107C5000F07002F0E6F986ED3F8A87ED128A6D1C1E
:107C6000042DDADB47E00020042200EB401104EB96
:107C7000C10181F8802200EB8001012204EB011197
:107C800081F8E825401C0428EEDB002504F5806718
:107C900004EB850605EB451006F5806604EBC00095
:107CA00096EDBD0A00F5C87080ED3D0A96EDC10A5B
:107CB00002F0C3FA96EDDB0A02F092FDD7EDD80A86
:107CC000B4EEE00AF1EE10FA0ADB05EB850096ED62
:107CD000DB0A04EB001000F5B66080ED120A07E045
:107CE00005EB850004EB001000F5B66080ED128A0C
:107CF0006D1C042DCCDB002505EB451004EBC0000A
:107D000000F5C87001F002F86D1C042DF4DB0820AA
:107D100000900C4A002381010B48FEF7B3FF0025B9
:107D200005EB850004EB001000F5B66000F009FEDD
:107D30006D1C042DF4DB02B0BDEC028BBDE8F081BC
:107D400000000000A0000024D40100242DE9F0412F
:107D500007462DED088B9FED2F8AF0EE488AB0EE96
:107D6000489A0024DFF8B880DFED2B9A9FED2BAA0C
:107D7000F5EE00AA04EB840007EB001606F5B666E4
:107D800096ED0A0A07EB840505F5806580EE29BAB1
:107D900095EDC10AF8F7A0FC2BEE000A20EE0A0AC6
:107DA00000EE2A8A96ED0A0A80EE29BA95EDC10AFC
:107DB000F8F7DAFC2BEE000A20EE0A0A40EE2A8AD7
:107DC00096ED0A0AD5EDC50A80EE29BA95EDC10AED
:107DD00030EE600AF8F7C8FC2BEE000A08EB8400CE
:107DE00090ED001A60EE0A0A80EE810A00EE2A9AEF
:107DF000641C042CBEDB07F5806080EDC98AC0EDF1
:107E0000CA8A80EDCB9A3846BDEC088BBDE8F041BC
:107E100000F05EB9000000003D0A574077BE1F3DEC
:107E2000DCAA000804292CD2421892F8A43773B9AE
:107E300001EB411300EBC30393ED980A00EB8101C2
:107E400001F5806181EDEA0A012182F8A41790F81A
:107E5000A41701290BD190F8A517012907D190F893
:107E6000A617012903D190F8A71701290AD00021EC
:107E700090F8F026002A04D1002902D0022180F8CF
:107E8000F01670470121F3E72DE9F04106462DED8C
:107E9000028B06F1A00796F8F00606F150080028BC
:107EA00030D001282ED0022841D106F58065304619
:107EB00095EDEE0A02F0B2F895EDC90A304602F0EF
:107EC000BCF9304602F0B0F895EDEF0A404602F0FA
:107ED000A5F895EDCA0A404602F0AFF9404602F017
:107EE000A3F895EDF00A384602F098F895EDCB0A24
:107EF000384602F0A2F9BDEC028B3846BDE8F041ED
:107F000002F092B800249FED0C8A3046B0EE480A89
:107F100002F087F8B0EE480A404602F082F8B0EE70
:107F2000480A384602F07DF8641C042CEDDBBDECF9
:107F3000028BBDE8F0810000000000002DE9F04157
:107F400006462DED068B84B0304602F073F9F0EE54
:107F5000409A06F1500002F06DF9B0EE408A06F149
:107F6000A00002F067F9F0EE408A0024554FE84681
:107F700006EB840505F5806595EDC10AF8F7ACFBC5
:107F800020EE299A95EDC10AF8F7EEFB07EB840085
:107F900008EE009A90ED000AD5EDC10A88EE80AA9D
:107FA00095EDC50A30EE600AF8F7DEFB0AEE409A5E
:107FB00008EB840080ED009A641C042CD8DB0025BB
:107FC0009FED418A06F5806705EB850006EB001002
:107FD00000F5B66090ED0A0A06EB850404F58064AE
:107FE00097EDDA1AD4EDDF0A08EB850130EEC00A0E
:107FF00020EE010A91ED001A01EE080A84EDDB0A79
:1080000097EDD91AF4EEC10AF1EE10FA06DDD4EDBF
:10801000D40A30EE200A84EDDB0A17E0F1EE411AB3
:10802000F4EEE10AF1EE10FA06D2D4EDD40A30EE05
:10803000600A84EDDB0A09E0D0ED0A0AC0EE811A7D
:10804000D4EDD40A01EEA00A84EDDB0A94EDDB0A3C
:1080500002F0C6FBD7EDE30AB4EEE00AF1EE10FA47
:1080600004D29FED1A0A84EDDB0A23E094EDDB0ACB
:1080700002F0B6FBD7EDE40AB4EEE00AF1EE10FA36
:1080800018D294EDDB0AB5EEC00AF1EE10FA06DD67
:10809000D4EDE50A30EE200A84EDDB0A0AE0B5EE05
:1080A000C00AF1EE10FA05D2D4EDE50A30EE600A0E
:1080B00084EDDB0A6D1C042D86DB04B0BDEC068B61
:1080C000BDE8F081DCAA000877BE1F3D000000007B
:1080D00070B506462DED048B00249FED178ADFED69
:1080E000178A9FED179A04EB441006EBC00090ED41
:1080F000980A06EB840505F5806595EDEA1A30EEE1
:10810000410A95EDC51A01EE080AF0EE680A02F080
:10811000BFF880EE081A85EDC11AB0EE410AF0EE04
:10812000490A02F044FB85EDC10A641C042CDADB29
:10813000BDEC048B70BD0000721C2740AF3F834133
:10814000DB0FC9402DE9F04380462DED028B81B055
:108150000024DFF8B890DFED2E8A08F5806608EB82
:10816000840505F5806595EDC50AF8F7FDFA09EB7C
:108170008407D6EDF00A97ED001A96EDEE8A60EED0
:10818000810A00EEC08A95EDC50AF8F7A5FAF0EE6F
:10819000400A96EDF00A97ED001A20EE011A96EDCE
:1081A000EF0A01EE200A28EE081A00EE001AB5EEDA
:1081B000C01AF1EE10FA04DBF1EEC10ACDED000AAF
:1081C00003E0DFED140ACDED000A9DED001AC1EECB
:1081D000280AC5EDDF0AB5EEC01AF1EE10FA04D197
:1081E00095EDC10A85EDBD0A05E0F0EE480A02F002
:1081F00079F885EDBD0A641C042CB0DB01B0404663
:10820000BDEC028BBDE8F04300F030B8DCAA0008FA
:1082100077BE1F3D0000000070B50546002404EB4A
:10822000441005EBC00000F5C87000F097FD04EBAA
:10823000840005EB001000F5B66000F0AEFB641C96
:10824000042CECDB70BD10B504462046FFF77EFD24
:108250002046FFF777FF2046FFF716FE2046FFF780
:108260006DFE2046BDE81040FFF7AABC2DE9F041A5
:1082700006462DED028B00251D4F9FED1E8A06EB55
:10828000850404F58064F0EE480A94EDBD0A94ED8F
:10829000C11A30EE410A02F08AFA10EE101AB94201
:1082A0000BD810EE100A1449884206DC94EDC11A6E
:1082B00031EE000A84EDBD0A13E09FED101AF0EED6
:1082C000480A30EE010A02F072FA94EDC11A30EE5B
:1082D000010A84EDBD0A94EDDF0AB1EE400A84ED97
:1082E000DF0A6D1C042DCADBBDEC028BBDE8F081FA
:1082F000DB0FC9BFDB0FC940DB0FC93FDB0F4940B4
:1083000030B504462DED068B81B004F5806080ED1C
:10831000CC0AC0EDCD0A80EDCE1A0021DFEDE88A4F
:10832000B0EE685AF0EE684AB0EE684AF0EE683A8D
:108330009FEDE48AF3EE0E2AB0EE483A9FEDE29A02
:10834000F0EE681AB0EE681AB0EE492AF0EE680A4C
:10835000B2EE040A204601F055FF0021B0EE685A43
:10836000F0EE684AB0EE684AF0EE683AB0EE483A8D
:10837000F3EE0E2AB0EE492AF0EE681AB0EE681A53
:10838000F0EE680AB2EE040A04F1500001F03AFF80
:108390000021B0EE685AF0EE684AB0EE684AF0EE9E
:1083A000683AB0EE483AF2EE042A9FEDC82AF0EEA1
:1083B000681AB0EE681AF0EE680AB2EE040A04F128
:1083C000A00001F01FFF002000EB800104EBC101C1
:1083D000C1F8F840401C0428F6DBBD4D00234FF4E3
:1083E000806204F1F000294600F00CFA01232946CE
:1083F00004F58C70DA0200F005FA0223294604F530
:10840000A070DA0200F0FEF9B24903234FF4804273
:1084100004F5B47000F0F6F9F2EE040A9FEDAE9A9E
:1084200004F5C870AD49032305460122B0EE490AA0
:1084300000F0B8FC0021B0EE685AF0EE684AB0EEE9
:10844000684AF0EE683AB0EE483ADFEDA59AB0EE31
:10845000682AF0EE681AF0EE692AB0EE681AF0EEBB
:10846000680AB3EE070A284601F0CCFE0021B0EE00
:10847000685AF0EE684AB0EE684AF0EE683AB0EE3C
:10848000483AF1EE082AB0EE082AF0EE681AB0EE8B
:10849000681AF0EE680A9FED93AA04F5F070B0EE4A
:1084A0004A0A01F0AFFE04F526708C490323054605
:1084B0000222F2EE040AB0EE490A00F073FC002139
:1084C0002846B0EE685AF0EE684AB0EE684AF0EE20
:1084D000683AB0EE483AF0EE692AB0EE682AF0EE5B
:1084E000681AB0EE681AF0EE680AB3EE070A01F0F7
:1084F00089FE0021B0EE685AF0EE684AB0EE684A94
:10850000F0EE683AB0EE483AF1EE082AB0EE082AEA
:10851000F0EE681AB0EE681AF0EE680AB0EE4A0A99
:1085200004F53A7001F06EFE03236C4904F568709F
:108530001A46F2EE040AB0EE490A054600F032FC93
:1085400000212846B0EE685AF0EE684AB0EE684A5C
:10855000F0EE683AB0EE483AF0EE692AB0EE682ADA
:10856000F0EE681AB0EE681AF0EE680AB3EE070A89
:1085700001F048FE0021B0EE685AF0EE684AB0EE15
:10858000684AF0EE683AB0EE483AF1EE082AB0EEEA
:10859000082AF0EE681AB0EE681AF0EE680AB0EE3B
:1085A0004A0A04F57C7001F02DFE04F595604B49F4
:1085B000032305460422F2EE040AB0EE490A00F055
:1085C000F1FB00212846B0EE685AF0EE684AB0EEA2
:1085D000684AF0EE683AB0EE483AF0EE692AB0EE3A
:1085E000682AF0EE681AB0EE681AF0EE680AB3EE88
:1085F000070A01F007FE0021B0EE685AF0EE684A63
:10860000B0EE684AF0EE683AB0EE483AF1EE082A69
:10861000B0EE082AF0EE681AB0EE681AF0EE680ABA
:10862000B0EE4A0A04F59F6001F0ECFD9FED2E8A42
:10863000DFED2E8A2E490125072300953122F3EE26
:108640000E1AB0EE481AF0EE480AB0EE680A04F5C9
:10865000B66000F0AFF92649072332220095F3EE09
:108660000E1AB0EE481ADFED230AB0EE680A04F5E0
:10867000C06000F09FF91E49072333220095F3EEF6
:108680000E1AB0EE481AF0EE480AB0EE680A04F589
:10869000CA6000F08FF91649072334220095F3EEE3
:1086A0000E1AB0EE481AF0EE480AB0EE680A04F569
:1086B000D46000F07FF901B0BDEC068B30BD000046
:1086C000000000006F12033BEC51383E0AD7233CF8
:1086D000000802580010025800001042D401002483
:1086E000000070426666A63F00004842280FC9405D
:1086F000740200240000484370B501F0A1FD503021
:1087000001F09EFD503001F09BFD374904232822E3
:10871000503001F0D4FD35490423A0304FF4847269
:1087200001F0CDFD32490423502200F5846001F0B0
:10873000C6FD00F5A0702F4A002100F1140601705B
:10874000111D9FED2D0AF7EE000A3AC93AC602F153
:10875000140100F12406A0F5DE603AC93AC600F51E
:10876000806102F1240381EDC90A81EDCA0A81ED1D
:10877000CB0A81EDCC0A81EDCD0A81EDCE0A81EDE7
:10878000CF0A78CB00F5E86080E8780002F1340386
:10879000103078CB78C081EDD80AC1EDD90ADFED71
:1087A000170A02F14403C1EDDA0AC1EDE30ADFED75
:1087B000140A2038C1EDE40A78CB543078C064380C
:1087C00013684366D2E91645536D126EC0E91B4526
:1087D00083664267A0F5E86081EDEE0A81EDEF0A5D
:1087E00081EDF00A70BD000059880008358E000840
:1087F000498B000878AA000800000000CDCCCC3DD1
:108800006666A63F82800374704770B50446FEF723
:10881000F7FBE060B0F57A7F1DD9FAF7EFF96061F8
:10882000A169401AE061216A002588420FD214F83C
:10883000240F401CC0B220706178243C884208D3C9
:10884000217CA068FFF7EEFA84F8245001E084F858
:1088500024506069A06170BD40F6B8320021C1604B
:10886000C0E9071280F82410032180F82510704712
:108870003EB50446226863685068C1B299421AD175
:10888000000A092818D0102815D102F12C00801DEB
:1088900002A9FEF777FCBDF808009FED231A00EE51
:1088A000100AF8EE400A80EE810ADFED200A20EE81
:1088B000200A84ED0D0A3EBD25682C3502A9284604
:1088C000FEF76BFC281D01A9FEF75CFCA81D69469C
:1088D000FEF758FC207E00EE100AF8EE400A9DEDEF
:1088E000020AB8EEC01A81EE200ADFED110A20EE6E
:1088F000200A84ED0A0ABDF90400F2EE040A00EE33
:10890000100AB8EEC00A80EE201A84ED0B1ABDF9E9
:108910000000DFED080A00EE100AB8EEC00A80EE93
:10892000201A84ED0C1A3EBD0000484235FA8E3CF8
:108930005077D63D00007A44C169491CC161FFF7F8
:1089400097BF10B5044694F82400012824D1D4ED33
:10895000020A04F14000B1EE600A01F014FFD4ED08
:10896000030A04F14400B1EE600A01F00CFFD4EDFB
:10897000040A04F13C00B1EE600A01F004FFD4EDFA
:10898000050A04F14800B1EE600A01F0FCFE204641
:10899000BDE8104000F03CB810BDD0E9071291428C
:1089A00003D1002280F8242002E0012280F8242054
:1089B0000162704730B5039C09680F4DA94202D18E
:1089C0000E4901600AE00E4DA94202D10D49016035
:1089D00004E00D4DA94201D10C49016042600376CB
:1089E00080F8384080ED020AC0ED030A80ED041AD9
:1089F000C0ED051A30BD000000A00040F8080024BA
:108A000000A400403009002400D40040680900247C
:108A10001CB590F838209FED480A052A18D2DFE8E7
:108A200002F003182F4F6C004168D0ED0F0A20EEC2
:108A3000800ABDEEC00A10EE102A130E8DF8043025
:108A4000130C8DF80530130A8DF806308DF80720C9
:108A500069E0416841F48071D0ED120A20EE800A8D
:108A6000BDEEC00A10EE102A130E8DF80430130C60
:108A70008DF80530130A8DF806308DF8072052E086
:108A8000416841F44071027E90ED110A9FED2B1A6E
:108A9000C0EE010A00EE102AB8EE400A20EE800A6D
:108AA000BDEEC00A10EE102A130E8DF80430130C20
:108AB0008DF80530130A8DF806308DF8072032E066
:108AC000416841F4806190ED100A9FED1D1AC0EEDF
:108AD000010A9FED1C0A20EE800ABDEEC00A10EECE
:108AE000102A130E8DF80430130C8DF80530130A7C
:108AF0008DF806308DF8072015E0416841F40071CB
:108B0000D0ED130A20EE800ABDEEC00A10EE102A46
:108B1000130E8DF80430130C8DF80530130A8DF800
:108B200006308DF80720042200920123006801AA74
:108B30000068FEF7A7F81CBD00007A445077D63DC8
:108B400035FA8E3C002474490021C1619FED080A6A
:108B5000016280F8241080ED0F0A80ED100A80ED8C
:108B6000110A80ED120AB0EE080A80ED130A704770
:108B7000000000003EB50446D4F8A0502C3502A9F0
:108B80002846FEF7FFFAA81C01A9FEF7FBFA281DEC
:108B90006946FEF7F7FAB4F8E400BDF80810081AC1
:108BA00002B2B4F8B400434203EBD373B2EB630FE9
:108BB00005DAD4F8EC20521CC4F8EC2007E0B2EB44
:108BC000500F04DDD4F8EC20521EC4F8EC20AC3475
:108BD000226C02FB0012E26300EE102AF8EEC00ADB
:108BE00000EE100AB8EE401A80EE810AF0EE000A9C
:108BF00020EE200ADFED180A60EE200A94ED000A4C
:108C000080EE801A84ED091ABDF904009FED131A55
:108C100000EE900AF8EEE00A60EE810A80EE801A1B
:108C200084ED0A1ABDF90000D4ED030A00EE100A23
:108C3000B8EEC00A80EE201A84ED0B1AA879DFED99
:108C4000080A00EE100AB8EE400A30EE200A84ED61
:108C50000C0AA1633EBD0000DB0F49405077D63DB2
:108C60003393884370B5044694F8F000012809D086
:108C7000032804F1500506D004281BD09FED1E0ADE
:108C800084ED3F0A70BD94ED3E0AD4ED400A2846BB
:108C900030EE200A01F0C2F994ED350A284601F0C1
:108CA000CCFA284601F0C0F9284601F0C3FA84ED59
:108CB0003F0A70BD94ED3D0A204601F0AFF9204611
:108CC00001F0B2F9204601F0B5FA84ED3E0AD4ED88
:108CD000400A284630EE200A01F0A0F994ED350A4A
:108CE000284601F0AAFA284601F09EF9284601F02C
:108CF000A1FA84ED3F0A70BD00000000D0F8C0105A
:108D0000491CC0F8C010FFF735BF000038B5044655
:108D10002046FFF7A7FF94ED3F0AD4ED410A30EE5D
:108D2000200A8DED000AD4ED2C0A6846B1EE600AE7
:108D300001F029FD94ED2E0ADDED000A20EE200A57
:108D400084ED320A204600F061F89FED030A84EDBD
:108D5000410A84ED400A38BD0000000010B5044609
:108D60002DED028BD4E93001884210D1002084F827
:108D7000CC009FED0B8A2046B0EE480A01F051F975
:108D8000B0EE480A04F1500001F04BF902E0012076
:108D900084F8CC0054F8C00F6060BDEC028B10BDAD
:108DA0000000000030B504460D461146114A2868FF
:108DB000904203D11048C4F8A0000CE00F4A904242
:108DC00003D10F48C4F8A00005E00E4A904202D13A
:108DD0000D48C4F8A00004F8A41F84F84C3084EDBA
:108DE000020AC4ED030A00222846FDF785FF6060F1
:108DF00030BD000000A00040F808002400A400409E
:108E00003009002400D4004068090024A83090ED07
:108E1000080A0268BDEEC00A10EE101A091211709D
:108E200090ED080A0068BDEEC00A10EE101A4170FD
:108E30007047000010B501F003FA503001F000FA5D
:108E40009FED110A4FF40051A0F8641080ED1A0A4A
:108E5000B2EE040A80ED1B0A002101679FED0B0AA8
:108E6000416780ED1E0A80F87C10042180F8A01074
:108E700080ED290A80ED2A0A80ED2B0A80ED2C0A6C
:108E800080ED2D0A503810BD00007A44000000002B
:108E90002DE9F04104462DED028B82B025682C357A
:108EA000A17901F00F01287800F00F0088426FD1FE
:108EB000681C01A9FEF766F9E8780101287941EA02
:108EC0001013697900F00F0041EA002628780009A4
:108ED00084F82C00BDF80410606C081A10F5004FDF
:108EE00003DAE06C401CE06405E0B0F5004F02DD01
:108EF000E06C401EE064B4F84C0001EB0040A0F5CB
:108F0000FE40FF38A06400EE100A9FED241AF8EE30
:108F1000C00A80EE810AD4ED020A20EE200AF0EEAB
:108F2000000A20EE200A84ED0C0A9FED1D8A40F60F
:108F3000FF7740F2FF78D4ED030AB0EE480A3A46D4
:108F400041461846FDF7E2FF84ED0D0AD4ED040A10
:108F5000B0EE480A3A4641463046FDF7D7FF84ED69
:108F60000E0AA87900EE100AF8EE400A9FED0D0AED
:108F700070EE800AC4ED0F0AE87900EE900AF8EE70
:108F8000600A30EE800A84ED100ABDF804006064C7
:108F900002B0BDEC028BBDE8F081000000FF7F470E
:108FA000000000003393884308B50821044A0023D9
:108FB0000091C18800680068FDF764FE08BD0000EC
:108FC000A80100248169491C8161FFF761BFD0E9D4
:108FD0000612914203D1002280F8282002E00122EB
:108FE00080F82820C16190F82810002901D1FFF7EE
:108FF000DBBF704730B5039C0968194DA94202D107
:10900000184901600AE0184DA94202D117490160D0
:1090100004E0174DA94201D116490160828034B1A4
:10902000012C06D0022C08D0032C0DD109E0C380FE
:109030000AE003F58073C38006E003F50073C38084
:1090400002E003F54073C38080F8504080ED020ACF
:10905000C0ED030A80ED041AC0ED051A30BD000012
:1090600000A00040F808002400A4004030090024BB
:1090700000D4004068090024002301F01F0143EAE6
:10908000016141EA02210079084370472DE9F04768
:10909000044688462DED028B5178907840EA0123F2
:1090A000D0780101107941EA1016517900F00F00D3
:1090B00041EA00279179D07940EA012518469FEDD1
:1090C0001C8A6FF00B090C224946DFED180AB0EE3E
:1090D000480AFDF71BFF84ED020ADFED168A1E2207
:1090E00030465142F0EE680AB0EE480AFDF70EFF36
:1090F00084ED030A0C224946F0EE680AB0EE480AF5
:109100003846FDF703FF84ED040A00EE105ADFED48
:109110000A0AB8EE400A20EE200A84ED050AC8F3D8
:1091200005402083BDEC028BBDE8F08700FF7F4740
:109130000000000000F07F45CDCCCC3D3EB504469C
:10914000032120466279FFF797FF01460020019036
:109150000290082000900123206801AA0068FDF712
:1091600091FD3EBD30B40479CBB2A34209D1C1F325
:109170000463022B05D1836B5B1C836330BCFFF758
:1091800085BF30BC704700000EB507A106C9CDE908
:1091900001120821009101790023006801AA0068EA
:1091A000FDF770FD0EBD0000FFFFFFFFFFFFFFFC9E
:1091B00010B50446D4E90E01884202D10021A17104
:1091C00001E00121A171E063A079002807D12046C8
:1091D000FFF7B4FF2046BDE81040FFF7D5BF10BD34
:1091E00010B50968094CA14202D1094901600AE0A1
:1091F000084CA14202D10849016004E0074CA14299
:1092000001D1074901600271437110BD00A0004007
:10921000F808002400A400403009002400D40040D5
:10922000680900242DE9F04F856D8A4E894FDFF8DB
:1092300024C2A836DFF81C82DFF818920CF1180C53
:10924000DFF810A208F13008DFF808B209F1480988
:1092500004680AF1600A0BF1780BBC426DD06445DA
:109260006BD0444569D04C4567D0544565D05C45CA
:1092700063D0DFF8E0E10EF1900E74455DD0B442AA
:109280005BD0DFF8D4E1744557D0DFF8CCE10EF1C4
:10929000180E744551D0DFF8C0E10EF1300E744560
:1092A0004BD0DFF8B4E10EF1480E744545D0DFF83D
:1092B000A8E10EF1600E74453FD0DFF89CE10EF19D
:1092C000780E744539D0DFF890E10EF1900E7445B8
:1092D00033D0DFF884E10EF1A80E74452DD0DFF80D
:1092E0007CE1744529D0DFF874E10EF1140E744569
:1092F00023D0DFF868E10EF1280E74451DD0DFF8A9
:109300005CE10EF13C0E744517D0DFF850E10EF130
:10931000500E744511D0DFF844E10EF1640E74452F
:109320000BD0DFF838E10EF1780E744505D0DFF888
:109330002CE10EF18C0E744509D1D0E919E4CEF878
:109340000440C46E1CB1D0E91CE4CEF804400468AB
:10935000BC422ED064452CD044452AD04C4528D060
:10936000544526D05C4524D03A4F9037BC4220D09B
:10937000B4421ED0384EB4421BD0374E1836B442D9
:1093800017D0354E3036B44213D0334E4836B4423F
:109390000FD0314E6036B4420BD02F4E7836B442E7
:1093A00007D02D4E9036B44203D02B4EA836B4428F
:1093B0001BD190F85C4004F01F063F24B440AC6021
:1093C0000468256825F48025256004686360836847
:1093D000402B05D0036899600068C260BDE8F08F3B
:1093E00003689A600068C160F8E71C4EB4421BD065
:1093F0001A4E1436B44217D0184E2836B44213D041
:10940000164E3C36B4420FD0144E5036B4420BD0F8
:10941000124E6436B44207D0104E7836B44203D0B0
:109420000E4E8C36B442D9D190F85C4004F01F0641
:109430000124B4406C60046863608368402B04D0EE
:10944000036899600068C260C8E703689A600068B2
:10945000C160C3E7100002401004024008540258E3
:10946000014610B500208B694FF0C0748A6A002B4A
:109470000ED0B3F5005F1AD062B3012A2AD0022AB7
:1094800028D0032A03D1C96AC90100D5012010BD23
:109490001AB1012A06D0022AF9D1C96AC901F6D542
:1094A000012010BDC96AA142FBD1012010BD52B1FB
:1094B000012A0AD0022A06D0032AF7D1C96AA1429A
:1094C000F4D1012010BD012010BDC96AC901FBD52E
:1094D000012010BD012010BD10B52C4A0168914239
:1094E0003AD02A4A1832914236D0284A3032914234
:1094F00032D0264A483291422ED0244A60329142DC
:109500002AD0224A7832914226D0204A9032914283
:1095100022D01E4AA83291421ED01D4A91421BD031
:109520001B4A1832914217D0194A3032914213D057
:10953000174A483291420FD0154A603291420BD0FF
:10954000134A7832914207D0114A9032914203D0A7
:109550000F4AA832914214D1CAB2103A1823B2FB72
:10956000F3F20C4C02F00703E35CC365032A04D951
:109570006FF30901091D816506E06FF3090181653B
:1095800002E021F0FF018165806D10BD10000240F6
:1095900010040240DCA9000810B501680123224C28
:1095A000CAB2A1421BD0204C1434A14217D01E4C89
:1095B0002834A14213D01C4C3C34A1420FD01A4C89
:1095C0005034A1420BD0184C6434A14207D0164C41
:1095D0007834A14203D0144C8C34A1420FD1083A04
:1095E0001421B2FBF1F1114A02EB810202660F4A2B
:1095F0008032426601F01F018B40836610BD103A35
:109600001824B2FBF4F20A4C2144A82900D80832ED
:10961000084901EB8201016606498031416602F08A
:109620001F018B40836610BD085402580058025831
:10963000F0FBFDBF000802400279521E072A31D814
:10964000194B016899421BD0174B1433994217D01C
:10965000154B2833994213D0134B3C3399420FD00A
:10966000114B503399420BD00F4B6433994207D0C2
:109670000D4B7833994203D00B4B8C33994207D171
:109680000A4901EB8201C16608494031016706E0E1
:10969000074901EB8201C16605494031016701219B
:1096A0009140416770470000085402580059025821
:1096B000000902402DE9F043046A026A22F0010227
:1096C0000262426883691D4D2B4023F003030D683D
:1096D0001D4324F002048B682343194E194FDFF811
:1096E00068C0B042DFF86480DFF8649007D0B84209
:1096F00005D0604503D0404501D0484505D123F051
:109700000804CB68234323F00403B04207D0B842D7
:1097100005D0604503D0404501D0484507D122F42B
:10972000807222F400724C6914438A6922434260B9
:109730008561496841630362BDE8F0838FFFFEFFE6
:10974000000001400004014000400140004401408D
:1097500000480140F0B5056A026A22F48072026294
:109760004268C3691A4C234023F003030C681C436E
:1097700025F400738D6843EA0523164D164EA84262
:1097800001D0B04206D123F40063CF6843EA072337
:1097900023F48063A8420AD0B04208D00F4DA842FB
:1097A00005D00F4DA84202D00E4DA84209D122F497
:1097B000805222F400524D6942EA05128D6942EA54
:1097C00005124260C4614968C1630362F0BD0000D4
:1097D0008FFFFEFF000001400004014000400140F7
:1097E000004401400048014030B5046A026A22F496
:1097F000805202624268C369124D2B4023F44073C9
:109800000D6843EA052324F400548D6844EA0534C6
:109810000D4DA8420BD00D4DA84208D00C4DA842CA
:1098200005D00C4DA84202D00B4DA84204D122F421
:1098300080424D6942EA85124260C3614968016411
:10984000046230BDFF8FFFFE0000014000040140B4
:1098500000400140004401400048014030B5056A25
:10986000026A22F4803202624268436D114C234046
:109870000C681C4325F400330D8943EA05430E4D63
:10988000A8420BD00D4DA84208D00D4DA84205D0DE
:109890000C4DA84202D00C4DA84204D122F48032D3
:1098A0004D6942EA05224260446549688165036268
:1098B00030BD00008FFFFEFF0000014000040140AA
:1098C00000400140004401400048014030B5056AB5
:1098D000026A22F4801202624268436D114C2340F6
:1098E0000C6843EA042425F400130D8943EA055368
:1098F0000D4DA8420BD00D4DA84208D00C4DA842EA
:1099000005D00C4DA84202D00B4DA84204D122F440
:1099100080224D6942EA8522426044654968C165FA
:10992000036230BDFF8FFFFE0000014000040140D4
:109930000040014000440140004801408268034B60
:109940001A400A4342F00701816070478FFFCFFF42
:1099500010B5036A046A24F001040462846924F0E7
:10996000F00444EA021423F00A020A43846102620A
:1099700010BD10B5036A046A24F0100404628469FF
:1099800024F4704444EA023223F0A00343EA0111B4
:109990008261016210BD70B5846BD4F88800D4F880
:1099A0008C50216889684FF00006090606D52128E9
:1099B00004D1A4F85660204600F050F82068806872
:1099C000400606D5222D04D1A4F85E60204600F0A2
:1099D0001BF8D4F8900040F01000C4F89000204626
:1099E000FBF71BFC70BD10B5806B01210167C16ED8
:1099F000012902D0FBF785FF10BDB0F85C104908C3
:109A0000FBF7D2FA10BD000010B5016851E8002F35
:109A100022F4907241E80023002BF6D10E4B01682E
:109A2000083151E8002F1A4041E80024002CF6D1FB
:109A3000C16E012908D1016851E8002F22F01002FF
:109A400041E80023002BF6D12021C0F88C10002122
:109A5000C166416710BD0000FEFFFFEF016851E8DD
:109A6000002F22F0C00241E80023002BF6D101684C
:109A7000083151E8002F22F4000241E80023002BB6
:109A8000F5D12021C0F888107047014610B5886BC9
:109A90000023C969B1F5807F2DD0A0F85E30016840
:109AA00051E8002F22F4807241E80024002CF6D106
:109AB0000168083151E8002F22F0010241E800243A
:109AC000002CF5D10168083151E8002F22F0400246
:109AD00041E80024002CF5D12021C0F88C10C16E83
:109AE000012908D1016851E8002F22F0100241E855
:109AF0000024002CF6D10367C16E012902D0FBF7C8
:109B0000FFFE10BDB0F85C10FBF74EFA10BD10B5AB
:109B1000016851E8002F22F0400241E80023002BA9
:109B2000F6D12021C0F8881000218167FBF7EAFEFA
:109B300010BD10B5806B0021A0F85E10A0F8561083
:109B4000FBF76BFB10BD0000F0B5D1E901650C69B6
:109B50002C430D68002E1AD045F080452C4391F817
:109B60002070D1E9066535434E6946EA07663543FC
:109B70008E8945EA0645D0F88460806E584306EB2E
:109B800080031C605D60083300200B4E0FE044EA48
:109B90008544E4E71418155CE77845EA0765A7787B
:109BA00064783F0447EA0424254320C3001DCC68A1
:109BB000345D8442EED8F0BDE4A9000830B5426BB4
:109BC000036853F8844F4FF6FC718C4344EA8204D7
:109BD0001C60036853F8844F058F24F47F0444EA23
:109BE00005441C60836B1A44036853F8884F8C4308
:109BF00044EA82041C60036853F8884F858F24F47C
:109C0000FE0444EA05441C60C36B02EB4302036894
:109C100053F8A04F8C4344EA82041C60036853F855
:109C2000A04FB0F8405024F4FE0444EA05441C6000
:109C3000D0E9103403FB0422036853F8B04F8C437F
:109C400044EA82041C60036853F8B04FB0F84850EF
:109C500024F4FE0444EA05441C60D0E9123403FBFA
:109C60000422036853F8AC4F8C4344EA82041C601E
:109C7000D0E9143403FB0422036853F8F04F8C43FB
:109C800044EA82041C60036853F8F04FB0F858505F
:109C900024F47C1444EA05441C60836D02EB430306
:109CA000026852F8C04F8C4344EA83011160016896
:109CB00051F8C02FB0F85C3022F47C1242EA034223
:109CC0000A60016851F8C02F90F8603022F07C5291
:109CD00042EA03620A60416B224A02EB8101C166DB
:109CE000826B01EB82020267C36B02EBC302426725
:109CF000D0E91034634302EB83028267D0E9123467
:109D0000634302EB8302C267D0E91434634302EB7E
:109D10008302C0F88020836D02EBC302C0F8842068
:109D2000C46D836E5C4302EB8402C0F88820046E2D
:109D30005C4302EB8402C0F890200B4B9A4208D996
:109D40009830416841F020014160032101700120F9
:109D500030BD002200E004C1D0F890308B42FAD828
:109D6000002030BD00AC0040FCD300400907090EC4
:109D7000002804DB00F1E02080F80014704700F0B8
:109D80000F0000F1E02080F8141D70472DE9F04726
:109D9000044688460027DFF81491D9F80000C04334
:109DA000800709D0414D283D286820F08060286058
:109DB000F8F724FF064609E00120BDE8F087F8F730
:109DC0001DFF801B022801D90320F6E72868000147
:109DD000F5D4D9F80000216820F47C3040EA013045
:109DE000C9F80000A0884FF6FF72A168401E491E06
:109DF000C0F3080002EA41210843A1894FF4FE02A2
:109E0000491E02EA01410843217C1202491E02EA6E
:109E1000016108432549103108602448001D01688C
:109E2000626921F0C001114301600168A26921F05B
:109E3000200111430160016821F0100101601B49FC
:109E400014310A684FF6F8739A43E36942EAC30291
:109E50000A60016841F010010160B8F1000F0ED0F6
:109E6000B8F1010F10D0016841F4001101602868B9
:109E700040F080602860F8F7C1FE044610E00168F9
:109E800041F400210160F2E7016841F480110160B2
:109E9000EDE7F8F7B3FE001B022801D903208CE799
:109EA00028680001F5D5384687E7000028440258A5
:109EB0002DE9F047044688460027DFF81491D9F8C9
:109EC0000000C043800709D0414D283D286820F09C
:109ED00080502860F8F792FE064609E00120BDE8B0
:109EE000F087F8F78BFE801B022801D90320F6E7E4
:109EF00028688000F5D4D9F80000218820F07C7013
:109F000040EA0150C9F80000A0884FF6FF72A1682E
:109F1000401E491EC0F3080002EA41210843A189FE
:109F20004FF4FE02491E02EA01410843217C12025D
:109F3000491E02EA01610843254918310860244896
:109F4000001D0168626921F44061114301600168EC
:109F5000A26921F4007111430160016821F480714C
:109F600001601B491C310A684FF6F8739A43E36994
:109F700042EAC3020A60016841F480710160B8F1ED
:109F8000000F0ED0B8F1010F10D0016841F08071C0
:109F90000160286840F080502860F8F72FFE0446E2
:109FA00010E0016841F480010160F2E7016841F4CA
:109FB00000010160EDE7F8F721FE001B022801D93E
:109FC00003208CE728688000F5D5384687E7000035
:109FD0002844025830B5416E002917D002689168B4
:109FE000C1F342619268520F0B4B9C5C250103F157
:109FF0000804A25CB5FBF2F2A0F86A205A5C615C2E
:10A000001201B2FBF1F1A0F8681030BD01216830F7
:10A010004180018030BD000058AA000880ED110A7F
:10A02000704780ED130A704710B504462DED068B7E
:10A03000DFED739A94ED110AD4ED120A70EE608A86
:10A04000B0EE680A00F0CCFBB0EE408AD4ED010A15
:10A05000B0EE480AF4EEC00AF1EE10FA07DD94ED16
:10A06000120A84ED110AF0EE698AB0EE688A94ED66
:10A07000080A20EE28AAD4ED0E0AB7EE001AF5EE73
:10A08000C00AF1EE10FA09D194ED0F0AB5EEC00A3C
:10A09000F1EE10FA02D1B0EE419A21E094ED0F0AF0
:10A0A000B4EEC80AF1EE10FA02DBB0EE419A17E006
:10A0B000B4EEC80AF1EE10FA0BD230EE801AB4EE0C
:10A0C000C81AF1EE10FA04DD31EE480A80EE209A4B
:10A0D00006E0B4EEC80AF1EE10FA01D8B0EE699AC3
:10A0E00094ED0C0AB5EEC00AF1EE10FA0BD094ED27
:10A0F000091AF1EE401A04F14C00C0EE010A81EE9B
:10A10000810A00F040FB94ED100AB5EEC00AF1EEB2
:10A1100010FA0ED1D4ED000A94ED130A60EE890A0C
:10A1200000EEA80A84ED130AD4ED090A60EE809AC5
:10A1300017E0B4EEC80AF1EE10FA0EDDD4ED000A15
:10A1400094ED130A60EE890A00EEA80A84ED130A62
:10A15000D4ED090A60EE809A03E0B0EE690A84ED5E
:10A16000130A207AE8B394ED070AD4ED050A94EDBA
:10A17000001A30EE600AD4ED0A0A60EE200A80EE82
:10A18000810AD4ED110A94ED041A70EEC10A94ED1F
:10A190000B1A60EE810A3AEE291A31EE000A30EE0F
:10A1A000200A84ED070AD4ED0D0AF5EEC00AF1EE9F
:10A1B00010FA05D0B1EE600A04F11C0000F0E3FAD9
:10A1C00094ED120A84ED030A94ED110A84ED040A59
:10A1D00094ED070A84ED050AC4ED068ABDEC068BF2
:10A1E00010BDFFE7D4ED060A94ED0A0A94ED001ABB
:10A1F00078EEE00A60EE200A80EE810AC1E70000F6
:10A200000000000080ED080AC0ED090A80ED0A1A7E
:10A21000C0ED0B1A80ED0C2AC0ED0D2A80ED003A3E
:10A22000C0ED013A80ED0E4AC0ED0F4A80ED105AA4
:10A230000172704790ED070A704780ED120A70476F
:10A240009FED120A80ED030A80ED040A80ED050AF5
:10A2500080ED060A80ED070A80ED080A80ED090A04
:10A2600080ED0A0A80ED0B0A80ED0C0A80ED0D0AE4
:10A2700080ED0E0A80ED0F0A80ED100A80ED110AC4
:10A2800080ED120A80ED130A704700000000000004
:10A2900000F082B900F0D8B94100080218BF0420CC
:10A2A0000A0E18BF40F001004FF07F4232EA010170
:10A2B00008BF40F00200012808BF052070472DE9C3
:10A2C000F0411C4617460E00804607D0054602E0C6
:10A2D0002846B0473D442046641EF9D24046BDE8BA
:10A2E000F081000070B54FF068422DED048BF0EE68
:10A2F000408A18EE900AB0EE608A18EE101A02EB4F
:10A300004003B3F1654F3CBF02EB4102B2F1654F30
:10A310007DD200BFC0F3C753C1F3C7529A1A1B2A9C
:10A3200009DD10F0004F14BF9FED830A9FED830AF3
:10A33000BDEC048B70BD12F11A0F36DA11F0004F2C
:10A3400009D010F0004F0CBF9FED7D0A9FED7D0AF4
:10A35000BDEC048B70BD88EE889A19EE100AFFF7E9
:10A360009BFF042808BF00F097F918EE900AFFF74A
:10A3700093FF054618EE100AFFF78EFF044619EE0C
:10A38000100AFFF789FF042D18BF052D08D1042CF2
:10A3900018BF052C04D1002804BF0220F6F757F996
:10A3A000B0EE490ABDEC048B70BD4200B2EB410F28
:10A3B0003AD910F0004F19BFDFED630A9FED630A31
:10A3C000DFED630A9FED630AB0EE481A0A46B1EE6C
:10A3D000688A80F00041F0EE418A10460A1A520065
:10A3E000B2F1807F34D2484010F0004FDFED5A1AAE
:10A3F0009FED5A2A1DBF9FED5A1A70EEE10A30EE0A
:10A40000420A9FED581A08BF70EEA10A00E040E032
:10A4100008BF30EE020AB0EE682A01EE482A08EEC4
:10A42000818AC2EE081A15E011F0004F04BF9FEDBB
:10A430004E0AF0EE400AD1D010F0004F19BFDFED08
:10A440004B0A9FED4B0ADFED4B0A9FED4B0AC5E728
:10A45000C8EE881A21EEA11A9FED482ADFED482A9E
:10A4600041EE022A9FED472A01EE222ADFED462A1D
:10A4700041EE022A9FED452ABDEC048B01EE222A13
:10A4800021EE811A01EE020A30EE210A30EE200A96
:10A4900070BD4FF07F42B2EB400F28BFB2EB410FCF
:10A4A00009D2F0EE480AB0EE680ABDEC048BBDE8B4
:10A4B000704000F0E6B840EA01035B0008BF41F0DD
:10A4C000FF410BD0B2EB400F08BFB2EB410F08D1F8
:10A4D00020F0804008EE900A21F0804108EE101A2A
:10A4E00018E7B2EB400F12BF5FEA410340F0FF40B4
:10A4F00001F000413FF40EAFB2EB410F12BF5FEA33
:10A50000400200F0004041F0FF413FF403AF4A0039
:10A5100092EA40033FF5FEAE002AACBF9FED1C0A55
:10A520009FED1C0A68EE808A28EE008A18EE900AD9
:10A5300018EE101AEEE60000DB0FC9BFDB0FC93FB3
:10A54000DB0F4940DB0F49C00000C9BF22AAFDB99B
:10A550000000C93F22AAFD390060ED3EC30ACE3794
:10A56000000000BF0000003F00000000000049C0E4
:10A5700022AA7DBA0000494022AA7D3A2DAD65BDD0
:10A580008FB8D53D0FB511BE61C84C3EA8AAAABE72
:10A590000000804F0000802F10B52DED028BF0EEF3
:10A5A000408A18EE900AB0EE608A20F00040C0F1B8
:10A5B000FF40C00F07D118EE100A20F00040C0F194
:10A5C000FF40C00F2BD018EE101A18EE900A00F0C2
:10A5D0008BF900EE100A10EE100A6FEAD05010F05E
:10A5E000FF0F04BFBDEC028B10BD18EE900A00F007
:10A5F000004110EE100A00F00040814204BFBDECA3
:10A60000028B10BD18EE101A10EE100ABDEC028B72
:10A6100061F31E0000EE900A30EE600A10BD18EEE5
:10A62000900A4FF07F41B1EB400F1CBF18EE100AAB
:10A630005FEA4000C7D10120F6F709F8BDEC028BB4
:10A64000BDE8104000F020B810B52DED028BB1EE42
:10A65000C08A18EE100A20F00040C0F1FF40C00F81
:10A660000AD010EE100A20F00040C0F1FF40C00FE9
:10A6700004BF0120F5F7EBFFB0EE480ABDEC028BFA
:10A6800010BD30EE200A7047DFED020A80EEA00A0E
:10A6900070470000000000009FED020A20EE000A53
:10A6A000704700000000001010B5214800249FED05
:10A6B000210A00ED140A9FED200A00ED130A8460C0
:10A6C000C4600461446104834483047744778477DD
:10A6D000C4775830FEF710F800F2C4700221017000
:10A6E00001214470817015489FED150A8461C46191
:10A6F00080F8284080F8504080ED150A80ED160A59
:10A7000080ED170A80ED180A80ED190A80ED1A0A0B
:10A710006C30847180ED090A80ED0A0A80ED0B0A25
:10A7200080ED0C0A80ED0D0A8463C46310BD000047
:10A730007C1E00240000804400002544A026002444
:10A7400000000000F8F768FAFCF702FCFBF7BCF920
:10A75000FBF7DAF8FBF7DAFAFBF714F9FBF76AFA1A
:10A76000FBF72EFAFBF744F9FBF778F9FBF702FB4E
:10A77000FBF76CFBFBF736FBFBF794FAFBF7E0FC0F
:10A78000FBF764FDFCE790ED001AB4EEC01AF1EEA1
:10A7900010FA02D280ED000A06E0B4EEE01AF1EE03
:10A7A00010FA01DDC0ED000A90ED000A704710B507
:10A7B0002DED028BB0EE608AF6EE008AF0EE480ACC
:10A7C00008EE280AFFF764FDB5EEC00AF1EE10FAB4
:10A7D00001D230EE080A08EE680ABDEC028B10BD0B
:10A7E000B5EEC00AF1EE10FAF1EE400A30FE200A92
:10A7F00070474FF07E5209E011F0004204D540420C
:10A80000C1F1000138BF491E42F07E520B0002F137
:10A81000706212BF20235FEA00017047B1FA81FC29
:10A82000A3EB0C0301FA0CF120FA03FC02EBC35278
:10A83000C3F1200341EA0C0110FA03FC5CEA416C0D
:10A8400042EB112018BF5FF0806C28BF20F00100A0
:10A8500070470EF1020E2EF0030E5EF8044B2442F8
:10A8600004D44FEA4102B2F17F4F11D84FEA4003BE
:10A87000B3F17F4F0CD80ED14FEAD07CB2F17F4FAD
:10A880000CEB4C0C0CF1020C08BF4CEBD17C04E03F
:10A890004FF0080C01E04FEAD17C0CEB4C0324FA9A
:10A8A00003F404F00704B4F1040C06D20EEB840C9C
:10A8B000BDE810404CF0010C6047DFE80CF00708E1
:10A8C00002024FF00040A0F5800010BD0846420093
:10A8D00018BFD2F1807288BF00F0004010BD4FF069
:10A8E0004070E1EE100A70474FF07F4C3CEA4103A4
:10A8F00018BF3CEA400200F062804FF47F0C10F079
:10A90000004F0CEAD11318BF43F005031CEAD01224
:10A9100018BF13EA0C0F00F057804FF0004C4CEAC0
:10A9200000204CEA0121A3F580339A4210DDB0F1FA
:10A93000004F23F0020306D3401A43F00203BCBFCA
:10A94000404283F001034FEA4000A2F58032ECE779
:10A950004FEA224CBCEB234F08DB884206D31CD0C5
:10A96000A0EB4100C0F1000083F0010340001DD2C4
:10A9700017D40DD0B0FA80FC0CF1010C00FA0CF0E9
:10A98000A2EB0C42D2F1000C12DB4FEAC37070470D
:10A990004FEA437000F00040704713F0020FE5D01B
:10A9A000DEE7B2F580324FEA4000EBDD002AE9DD58
:10A9B0004FEAC21242EA502040EAC370704710B515
:10A9C000FFF747FFEDFFFF3E1CEAD11F02D000F06A
:10A9D00000407047004870470000C07F0006101616
:10A9E000000610160001020304050607080C1014E7
:10A9F00018203040000000000000000000000000AF
:10AA00000000000000000000010000000200000043
:10AA1000030000000400000000000000050000002A
:10AA20000000000000000000000000000600000020
:10AA3000000000000000000000000000070000000F
:10AA4000010002000400060008000A000C001000CB
:10AA50002000400080000001010101030701000007
:10AA600008040204080101010000000001020304BF
:10AA700001020304060708090000000000000000AE
:10AA8000000000000000000000000000000040BFC7
:10AA9000333313C0333313400000403F00004040C5
:10AAA0000000404000004040000040400000000026
:10AAB0000000000000000000000000006666A63FE5
:10AAC0006666A63F6666A63F6666A63F0000000073
:10AAD0000000000000000000000000009B38D93E8C
:10AAE0009B38D93E9B38D93E9B38D93E00000000A8
:10AAF000920E493CB10AC93C2BC3163D2EFB483D82
:10AB0000752B7B3D04A9963D80B6AF3D36BDC83D53
:10AB10002FBCE13D73B2FA3D87CF093E8340163E1C
:10AB2000B5AB223EA2102F3ECF6E3B3EC2C5473E84
:10AB30000115543E135C603E7F9A6C3ECCCF783E4C
:10AB4000C07D823E938E883E229A8E3E32A0943EF5
:10AB500086A09A3EE59AA03E128FA63ED47CAC3EDB
:10AB6000EF63B23E2A44B83E491DBE3E15EFC33ED8
:10AB700053B9C93ECA7BCF3E4136D53E80E8DA3E66
:10AB80004F92E03E7533E63EBBCBEB3EEA5AF13ED8
:10AB9000CBE0F63E275DFC3EE4E7003F3D9C033FF3
:10ABA000824B063F9BF5083F6B9A0B3FDA390E3F0D
:10ABB000CDD3103F2A68133FD9F6153FC07F183F09
:10ABC000C6021B3FD17F1D3FCBF61F3F9967223F37
:10ABD00025D2243F5636273F1594293F4AEB2B3F79
:10ABE000DE3B2E3FBB85303FC9C8323FF304353FC3
:10ABF000233A373F4268393F3B8F3B3FF9AE3D3FF9
:10AC000067C73F3F70D8413F01E2433F03E4453F00
:10AC100065DE473F12D1493FF8BB4B3F029F4D3F96
:10AC2000207A4F3F3D4D513F4918533F31DB543F50
:10AC3000E595563F5348583F6AF2593F1A945B3F97
:10AC4000532D5D3F05BE5E3F2146603F97C5613F86
:10AC50005A3C633F59AA643F880F663FD86B673FF1
:10AC60003CBF683FA7096A3F0C4B6B3F5E836C3F5C
:10AC700093B26D3F9ED86E3F73F56F3F0809713FE9
:10AC80005213723F4714733FDD0B743F0BFA743F4E
:10AC9000C6DE753F07BA763FC58B773FF853783FDE
:10ACA0009812793F9DC7793F02737A3FBE147B3F6C
:10ACB000CDAC7B3F283B7C3FC9BF7C3FAC3A7D3F5E
:10ACC000CCAB7D3F23137E3FB0707E3F6DC47E3F93
:10ACD000580E7F3F6D4E7F3FAB847F3F0FB17F3F6C
:10ACE00097D37F3F43EC7F3F11FB7F3F0000803FC6
:10ACF00011FB7F3F43EC7F3F97D37F3F0FB17F3FF7
:10AD0000AB847F3F6D4E7F3F580E7F3F6DC47E3FCB
:10AD1000B0707E3F23137E3FCCAB7D3FAC3A7D3F8E
:10AD2000C9BF7C3F283B7C3FCDAC7B3FBE147B3F03
:10AD300002737A3F9DC7793F9812793FF853783F65
:10AD4000C58B773F07BA763FC6DE753F0BFA743F77
:10AD5000DD0B743F4714733F5213723F0809713F74
:10AD600073F56F3F9ED86E3F93B26D3F5E836C3F2D
:10AD70000C4B6B3FA7096A3F3CBF683FD86B673FEE
:10AD8000880F663F59AA643F5A3C633F97C5613FAD
:10AD90002146603F05BE5E3F532D5D3F1A945B3FE9
:10ADA0006AF2593F5348583FE595563F31DB543FCF
:10ADB0004918533F3D4D513F207A4F3F029F4D3F31
:10ADC000F8BB4B3F12D1493F65DE473F03E4453FA7
:10ADD00001E2433F70D8413F67C73F3FF9AE3D3F77
:10ADE0003B8F3B3F4268393F233A373FF304353FBF
:10ADF000C9C8323FBB85303FDE3B2E3F4AEB2B3F7D
:10AE00001594293F5636273F25D2243F9967223F84
:10AE1000CBF61F3FD17F1D3FC6021B3FC07F183FAF
:10AE2000D9F6153F2A68133FCDD3103FDA390E3FCC
:10AE30006B9A0B3F9BF5083F824B063F3D9C033FBF
:10AE4000E4E7003F275DFC3ECBE0F63EEA5AF13EE8
:10AE5000BBCBEB3E7533E63E4F92E03E80E8DA3EF8
:10AE60004136D53ECA7BCF3E53B9C93E15EFC33EEE
:10AE7000491DBE3E2A44B83EEF63B23ED47CAC3E90
:10AE8000128FA63EE59AA03E86A09A3E32A0943E3E
:10AE9000229A8E3E938E883EC07D823ECCCF783EF5
:10AEA0007F9A6C3E135C603E0115543EC2C5473E1E
:10AEB000CF6E3B3EA2102F3EB5AB223E8340163EE6
:10AEC00087CF093E73B2FA3D2FBCE13D36BDC83D88
:10AED00080B6AF3D04A9963D752B7B3D2EFB483DCA
:10AEE0002BC3163DB10AC93C920E493C000000003C
:10AEF000920E49BCB10AC9BC2BC316BD2EFB48BD7E
:10AF0000752B7BBD04A996BD80B6AFBD36BDC8BD4F
:10AF10002FBCE1BD73B2FABD87CF09BE834016BE18
:10AF2000B5AB22BEA2102FBECF6E3BBEC2C547BE80
:10AF3000011554BE135C60BE7F9A6CBECCCF78BE48
:10AF4000C07D82BE938E88BE229A8EBE32A094BEF1
:10AF500086A09ABEE59AA0BE128FA6BED47CACBED7
:10AF6000EF63B2BE2A44B8BE491DBEBE15EFC3BED4
:10AF700053B9C9BECA7BCFBE4136D5BE80E8DABE62
:10AF80004F92E0BE7533E6BEBBCBEBBEEA5AF1BED4
:10AF9000CBE0F6BE275DFCBEE4E700BF3D9C03BFEF
:10AFA000824B06BF9BF508BF6B9A0BBFDA390EBF09
:10AFB000CDD310BF2A6813BFD9F615BFC07F18BF05
:10AFC000C6021BBFD17F1DBFCBF61FBF996722BF33
:10AFD00025D224BF563627BF159429BF4AEB2BBF75
:10AFE000DE3B2EBFBB8530BFC9C832BFF30435BFBF
:10AFF000233A37BF426839BF3B8F3BBFF9AE3DBFF5
:10B0000067C73FBF70D841BF01E243BF03E445BFFC
:10B0100065DE47BF12D149BFF8BB4BBF029F4DBF92
:10B02000207A4FBF3D4D51BF491853BF31DB54BF4C
:10B03000E59556BF534858BF6AF259BF1A945BBF93
:10B04000532D5DBF05BE5EBF214660BF97C561BF82
:10B050005A3C63BF59AA64BF880F66BFD86B67BFED
:10B060003CBF68BFA7096ABF0C4B6BBF5E836CBF58
:10B0700093B26DBF9ED86EBF73F56FBF080971BFE5
:10B08000521372BF471473BFDD0B74BF0BFA74BF4A
:10B09000C6DE75BF07BA76BFC58B77BFF85378BFDA
:10B0A000981279BF9DC779BF02737ABFBE147BBF68
:10B0B000CDAC7BBF283B7CBFC9BF7CBFAC3A7DBF5A
:10B0C000CCAB7DBF23137EBFB0707EBF6DC47EBF8F
:10B0D000580E7FBF6D4E7FBFAB847FBF0FB17FBF68
:10B0E00097D37FBF43EC7FBF11FB7FBF000080BFC2
:10B0F00011FB7FBF43EC7FBF97D37FBF0FB17FBFF3
:10B10000AB847FBF6D4E7FBF580E7FBF6DC47EBFC7
:10B11000B0707EBF23137EBFCCAB7DBFAC3A7DBF8A
:10B12000C9BF7CBF283B7CBFCDAC7BBFBE147BBFFF
:10B1300002737ABF9DC779BF981279BFF85378BF61
:10B14000C58B77BF07BA76BFC6DE75BF0BFA74BF73
:10B15000DD0B74BF471473BF521372BF080971BF70
:10B1600073F56FBF9ED86EBF93B26DBF5E836CBF29
:10B170000C4B6BBFA7096ABF3CBF68BFD86B67BFEA
:10B18000880F66BF59AA64BF5A3C63BF97C561BFA9
:10B19000214660BF05BE5EBF532D5DBF1A945BBFE5
:10B1A0006AF259BF534858BFE59556BF31DB54BFCB
:10B1B000491853BF3D4D51BF207A4FBF029F4DBF2D
:10B1C000F8BB4BBF12D149BF65DE47BF03E445BFA3
:10B1D00001E243BF70D841BF67C73FBFF9AE3DBF73
:10B1E0003B8F3BBF426839BF233A37BFF30435BFBB
:10B1F000C9C832BFBB8530BFDE3B2EBF4AEB2BBF79
:10B20000159429BF563627BF25D224BF996722BF80
:10B21000CBF61FBFD17F1DBFC6021BBFC07F18BFAB
:10B22000D9F615BF2A6813BFCDD310BFDA390EBFC8
:10B230006B9A0BBF9BF508BF824B06BF3D9C03BFBB
:10B24000E4E700BF275DFCBECBE0F6BEEA5AF1BEE4
:10B25000BBCBEBBE7533E6BE4F92E0BE80E8DABEF4
:10B260004136D5BECA7BCFBE53B9C9BE15EFC3BEEA
:10B27000491DBEBE2A44B8BEEF63B2BED47CACBE8C
:10B28000128FA6BEE59AA0BE86A09ABE32A094BE3A
:10B29000229A8EBE938E88BEC07D82BECCCF78BEF1
:10B2A0007F9A6CBE135C60BE011554BEC2C547BE1A
:10B2B000CF6E3BBEA2102FBEB5AB22BE834016BEE2
:10B2C00087CF09BE73B2FABD2FBCE1BD36BDC8BD84
:10B2D00080B6AFBD04A996BD752B7BBD2EFB48BDC6
:10B2E0002BC316BDB10AC9BC920E49BC0000008038
:10B2F00014B3000800000024D40100000803000873
:10B3000034B30008D4010024DC2B000064030008DF
:10B3100099F3FFFF41320182103C90D0030401FFFA
:10B3200001884AFF015AFB085AFC085AFD0802141A
:04B33000FE0000001B
:04000005080002CD20
:00000001FF
