:020000040800F2
:10000000E82C002491030008157600086F6F0008A3
:1000100011760008D5070008898300080000000059
:100020000000000000000000000000001B76000837
:100030002908000800000000197600081D76000855
:10004000AB030008AB030008AB030008AB030008D8
:10005000AB030008AB030008AB030008AB030008C8
:10006000AB030008AB030008AB030008AB030008B8
:10007000D9070008E9070008F9070008090800087F
:10008000AB030008AB030008AB03000855080008E9
:1000900065080008AB030008AB030008AB030008C9
:1000A000AB030008AB030008AB030008AB03000878
:1000B000AB030008AB03000805770008AB0300089A
:1000C000AB030008AB030008AB030008AB03000858
:1000D000AB03000879830008AB030008AB030008FA
:1000E0002B080008AB03000800000000AB03000869
:1000F000AB030008AB030008AB030008AB03000828
:10010000AB030008AB03000815770008AB03000839
:10011000AB030008D9790008AB030008AB03000863
:1001200019080008AB030008AB030008AB03000884
:10013000AB030008AB030008AB030008AB030008E7
:1001400000000000000000000000000000000000AF
:10015000AB030008AB030008AB030008AB030008C7
:10016000AB030008AB030008AB030008AB030008B7
:10017000AB030008AB030008AB030008000000005D
:10018000AB030008AB030008AB030008AB03000897
:10019000AB030008AB030008AB030008AB03000887
:1001A000AB030008AB030008AB030008000000002D
:1001B000AB030008AB030008AB030008AB03000867
:1001C000AB030008AB0300080000000000000000C3
:1001D0000000000000000000AB0300080000000069
:1001E000000000000000000000000000000000000F
:1001F0000000000000000000AB030008AB03000893
:10020000AB030008AB03000800000000AB030008CC
:10021000AB030008AB030008AB030008AB03000806
:10022000AB03000800000000AB0300080000000062
:10023000AB030008AB03000800000000AB0300089C
:10024000AB030008AB030008AB030008AB030008D6
:10025000AB030008AB030008AB030008AB030008C6
:10026000AB030008AB030008AB030008AB030008B6
:10027000AB030008AB030008AB030008000000005C
:10028000AB030008AB030008AB030008AB03000896
:1002900000000000AB030008AB03000800000000F2
:1002A00000000000AB030008AB030008AB0300082C
:1002B00069830008AB030008AB030008AB03000828
:1002C000AB030008AB030008AB03000800F002F822
:1002D00000F04EF80AA090E8000C82448344AAF192
:1002E0000107DA4501D100F043F8AFF2090EBAE890
:1002F0000F0013F0010F18BFFB1A43F0010318475A
:1003000064D1000084D100000A4410F8014B14F0BD
:100310000F0508BF10F8015B240908BF10F8014B56
:100320006D1E05D010F8013B6D1E01F8013BF9D19F
:10033000641E03D0641E01F8015BFBD19142E4D33B
:10034000704700000023002400250026103A28BF33
:1003500078C1FBD8520728BF30C148BF0B60704737
:100360001FB50CF076FB00F04BF91FBD10B510BDAA
:1003700000F06CF91146FFF7F3FF0CF087FA00F07C
:100380008AF903B4FFF7F2FF03BC00F08DF9000017
:100390000948804709480047FEE7FEE7FEE7FEE719
:1003A000FEE7FEE7FEE7FEE7FEE7FEE70448054955
:1003B000054A064B7047000025760008CD0200086C
:1003C000E8260024E82C0024E8280024E82800245B
:1003D00053EA020C00F069802DE9F04B4FF0000663
:1003E000002B1FBFB3FA83F503FA05F424FA05F6D0
:1003F0005E4012BF1643B2FA82F502FA05F4C5F167
:1004000020051EBF22FA05FC44EA0C04203556EAFA
:10041000044C4FEA144418BF641C4FF000084FF01E
:100420000009904271EB030C39D3002919BFB1FACE
:1004300081F701FA07F6B0FA80F700FA07F6C7F17C
:1004400020071EBF20FA07FC46EA0C062037B6FB41
:10045000F4FCA7EB0507103F07F01F0BCBF12006BC
:100460000CFA0BFB2CFA06F644BFB3460026202FED
:10047000A4BF5E464FF0000B5BEA060C08BF4FF0CE
:10048000010B19EB0B09ABFB027C48EB0608C01B08
:1004900006FB02CC0BFB03CC71EB0C01C1E70B4656
:1004A000024641464846BDE8F08B13B54FF00000C8
:1004B0004FF00001AFF30080BDE81C407047032AF5
:1004C00040F2308010F0030C00F0158011F8013B71
:1004D000BCF1020F624498BF11F801CB00F8013B58
:1004E00038BF11F8013BA2F1040298BF00F801CB1C
:1004F00038BF00F8013B11F0030300F02580083AF3
:10050000C0F0088051F8043B083A51F804CBA0E849
:100510000810F5E7121D5CBF51F8043B40F8043B9E
:10052000AFF30080D20724BF11F8013B11F801CBD3
:1005300048BF11F8012B24BF00F8013B00F801CBA4
:1005400048BF00F8012B704710B5203AC0F00B806F
:10055000B1E81850203AA0E81850B1E81850A0E8C7
:100560001850BFF4F5AF5FEA027C24BFB1E8185021
:10057000A0E8185044BF18C918C0BDE810405FEA91
:10058000827C24BF51F8043B40F8043B08BF70470D
:10059000D20728BF31F8023B48BF11F8012B28BF12
:1005A00020F8023B48BF00F8012B70474FF00002D3
:1005B00000B5134694469646203922BFA0E80C5059
:1005C000A0E80C50B1F12001BFF4F7AF090728BF34
:1005D000A0E80C5048BF0CC05DF804EB890028BFB0
:1005E00040F8042B08BF704748BF20F8022B11F0D9
:1005F000804F18BF00F8012B704770477047704755
:1006000070B5064C7C44064D7D4403E020682044D0
:100610008047241DAC42F9D170BD00007CCE0000A3
:100620007CCE000010B500F009F8006810BD10B5D0
:10063000044600F003F8046010BD00000048704755
:100640008826002400487047882600247546FFF756
:10065000F9FFAE4605006946534620F0070085467F
:1006600018B020B5FFF7A2FEBDE820404FF000060D
:100670004FF000074FF000084FF0000B21F007018A
:10068000AC46ACE8C009ACE8C009ACE8C009ACE8CD
:10069000C0098D46704710B50446AFF30080204670
:1006A000BDE81040FFF76DBE01491820ABBEFEE764
:1006B00026000200704700009FED201AB5EE002AC8
:1006C00000EE012A9FED1E1ABDEEC20AB5EEC02A49
:1006D000F1EE10FA10EE100AB8BF013800EE100A61
:1006E0000020B8EEC00A32EE400A9FED162A20EE36
:1006F000010ABDEEC01A11EE101A30EE021AB0EB6C
:10070000512F18BF002102EE101A4CF6604000FE77
:10071000010AC0F60000B8EE422A00EB810090ED1D
:10072000011A30EE420AB7EE002A32EE402A20EEDD
:10073000010A90ED001A02EE010A704783F9223E89
:1007400000000044000000C49FED1F1A20EE010AC3
:100750009FED1F2ABDEEC01AB5EEC00AF1EE10FAE9
:1007600011EE100AB8BF013801EE100A0020B8EEF1
:10077000C11A30EE410A9FED151A20EE010ABDEEB6
:10078000C01A11EE101A30EE021AB0EB512F18BF3A
:10079000002102EE101A4CF6604000FE010AC0F67D
:1007A0000000B8EE422A00EB810090ED011A30EE15
:1007B000420AB7EE002A32EE402A20EE010A90EDFE
:1007C000001A02EE010A704783F9223E000000443D
:1007D000000000C400BFFEE710B5024800F084FC32
:1007E00010BD00000007002410B5024800F07CFC9A
:1007F00010BD00007807002410B5024800F074FC1A
:1008000010BD0000F007002410B5024800F06CFC99
:1008100010BD00006808002410B5024800F064FC18
:1008200010BD000088060024704710B54FF48060AA
:1008300002F012FE4FF4006002F00EFE4FF4805002
:1008400002F00AFE4FF4804002F006FE10BD72B6C0
:1008500000BFFEE710B5024802F05AF810BD0000D4
:10086000BC01002410B5024802F052F810BD00008F
:100870005C0200242DE9F041044602F001FF8046AD
:1008800014B90120BDE8F08194F83500022808D0A1
:100890008020606500BF002084F8340000BF012084
:1008A000F0E7FE492068884249D0FC4918312068A9
:1008B000884244D0F9493031206888423FD0F74916
:1008C0004831206888423AD0F44960312068884233
:1008D00035D0F24978312068884230D0EF499031E4
:1008E000206888422BD0ED49A8312068884226D064
:1008F000EB492068884222D0E949183120688842B3
:100900001DD0E74930312068884218D0E449483189
:100910002068884213D0E2496031206888420ED0B6
:10092000DF4978312068884209D0DD49903120685C
:10093000884204D0DA49A8312068884201D10120D8
:1009400000E0002068B12068006820F01E002168E7
:1009500008602068406920F08000216848612568AF
:1009600006E02068006820F00E0021680860256815
:10097000CA492068884270D0C84918312068884226
:100980006BD0C64930312068884266D0C3494831AF
:100990002068884261D0C1496031206888425CD0BB
:1009A000BE4978312068884257D0BC4990312068D0
:1009B000884252D0B949A831206888424DD0B84900
:1009C0002068884249D0B64918312068884244D00E
:1009D000B3493031206888423FD0B149483120685E
:1009E00088423AD0AE4960312068884235D0AC495F
:1009F00078312068884230D0A949903120688842F7
:100A00002BD0A749A8312068884226D0A549206864
:100A1000884222D0A3491431206888421DD0A149C0
:100A200028312068884218D09E493C31206888428D
:100A300013D09C495031206888420ED099496431C6
:100A40002068884209D0974978312068884204D0CC
:100A500094498C312068884201D1012000E00020B7
:100A600028B1206E006820F48070216E08608B49E8
:100A70002068884249D0894918312068884244D08A
:100A800086493031206888423FD084494831206807
:100A900088423AD0814960312068884235D07F4908
:100AA00078312068884230D07C4990312068884273
:100AB0002BD07A49A8312068884226D0784920680E
:100AC000884222D076491831206888421DD0744966
:100AD00030312068884218D07149483120688842F6
:100AE00013D06F496031206888420ED06C4978314C
:100AF0002068884209D06A4990312068884204D031
:100B00006749A8312068884206D12068006820F033
:100B100001002168086005E02068006820F00100FD
:100B20002168086011E002F0ABFDA0EB0800052889
:100B30000BD920206065032084F8350000BF002019
:100B400084F8340000BF01209CE6286800F0010012
:100B50000028E8D151492068884249D04F491831CE
:100B60002068884244D04D493031206888423FD0C7
:100B70004A494831206888423AD048496031206863
:100B8000884235D0454978312068884230D0434981
:100B90009031206888422BD04049A8312068884293
:100BA00026D03F492068884222D03D49183120682C
:100BB00088421DD03A4930312068884218D03849DF
:100BC00048312068884213D0354960312068884216
:100BD0000ED0334978312068884209D030499031AD
:100BE0002068884204D02E49A8312068884201D16B
:100BF000012000E0002040B1A66D94F85C0000F0F8
:100C00001F013F208840B06007E0A76D94F85C00AA
:100C100000F01F0101208840786020492068884248
:100C200076D01E4918312068884271D01B49303176
:100C3000206888426CD0194948312068884267D0C2
:100C4000164960312068884262D0144978312068A2
:100C500088425DD0114990312068884258D00F49B0
:100C6000A8312068884253D00D49206888424FD06F
:100C70000B491831206888424AD009493031206830
:100C8000884245D0064948312068884240D004490E
:100C90006031206888423BD0014905E010000240E5
:100CA00010040240085402587831206888422FD03E
:100CB0002549206888422BD0234918312068884272
:100CC00026D022492068884222D020491431206849
:100CD00088421DD01D4928312068884218D01B4900
:100CE0003C312068884213D018495031206888422E
:100CF0000ED0164964312068884209D013497831F2
:100D00002068884204D011498C312068884201D182
:100D1000012000E0002068B1D4E919104860E06EBD
:100D200040B1E06E006820F48070E16E0860D4E9A4
:100D30001C104860012084F8350000BF002084F8B2
:100D4000340000BF00BF9DE5A004024008540258D3
:100D500070B504460CB9012070BD94F83500022826
:100D600003D0802060650120F6E7DC4920688842D6
:100D700049D0DA4918312068884244D0D749303107
:100D8000206888423FD0D5494831206888423AD00F
:100D9000D24960312068884235D0D0497831206806
:100DA000884230D0CD499031206888422BD0CB4941
:100DB000A8312068884226D0C9492068884222D0BC
:100DC000C7491831206888421DD0C5493031206894
:100DD000884218D0C24948312068884213D0C0499F
:100DE0006031206888420ED0BD4978312068884241
:100DF00009D0BB4990312068884204D0B849A83155
:100E00002068884201D1012000E00020F0B30420D6
:100E100084F83500B149206888424BD0AF49183179
:100E20002068884246D0AD4930312068884241D0A0
:100E3000AA494831206888423CD0A84960312068DE
:100E4000884237D0A54978312068884232D0A349FA
:100E50009031206888422DD0A049A831206888426E
:100E600028D09F492068884224D09D4918312068A5
:100E700088421FD09A493031206888421AD0984958
:100E800048312068884215D0954900E020E0603163
:100E9000206888420ED0924978312068884209D073
:100EA0008F4990312068884204D08D49A83120684C
:100EB000884206D12068006820F00100216808609F
:100EC00009E12068006820F001002168086002E163
:100ED0002068006820F00E00216808607F492068C3
:100EE000884249D07D4918312068884244D07B49E6
:100EF0003031206888423FD07849483120688842A4
:100F00003AD0764960312068884235D073497831CB
:100F10002068884230D071499031206888422BD0B7
:100F20006E49A8312068884226D06D4920688842E1
:100F300022D06B491831206888421DD06849303171
:100F40002068884218D0664948312068884213D00A
:100F500063496031206888420ED061497831206849
:100F6000884209D05E4990312068884204D05C49AB
:100F7000A8312068884206D12068006820F001006E
:100F80002168086005E02068006820F00100216801
:100F9000086052492068884270D050491831206852
:100FA00088426BD04D4930312068884266D04B4929
:100FB00048312068884261D04849603120688842C1
:100FC0005CD0464978312068884257D043499031F7
:100FD0002068884252D04149A831206888424DD0CB
:100FE0003F492068884249D03D49183120688842ED
:100FF00044D03B493031206888423FD0384948319D
:10100000206888423AD0364960312068884235D01D
:10101000334978312068884230D031499031206896
:1010200088422BD02E49A8312068884226D02D49ED
:101030002068884222D02B491431206888421DD074
:10104000284928312068884218D026493C31206838
:10105000884213D023495031206888420ED021495C
:1010600064312068884209D01E497831206888425E
:1010700004D01C498C312068884201D1012000E055
:101080000020D8B1206E006820F48070216E0860C6
:10109000A56D94F85C0000F01F0101208840686095
:1010A000D4E919104860E06E40B1E06E006820F4A9
:1010B0008070E16E0860D4E91C104860012084F85B
:1010C000350000BF002084F8340000BF206D10B14F
:1010D0002046216D884700203EE6000010000240B7
:1010E00010040240085402582DE9F84F044600202D
:1010F0000090FE4800684FF41651B0FBF1FAA66D5F
:10110000D4F858803768D8F80090F94920688842A8
:1011100049D0F74918312068884244D0F449303129
:10112000206888423FD0F2494831206888423AD04E
:10113000EF4960312068884235D0ED497831206828
:10114000884230D0EA499031206888422BD0E84963
:10115000A8312068884226D0E6492068884222D0FB
:10116000E4491831206888421DD0E24930312068B6
:10117000884218D0DF4948312068884213D0DD49C1
:101180006031206888420ED0DA4978312068884280
:1011900009D0D84990312068884204D0D549A83177
:1011A0002068884201D1012000E0002000287DD085
:1011B00094F85C0000F01F010820884038400028A7
:1011C00068D0CB492068884249D0C9491831206885
:1011D000884244D0C6493031206888423FD0C44953
:1011E0004831206888423AD0C1496031206888423D
:1011F00035D0BF4978312068884230D0BC49903121
:10120000206888422BD0BA49A8312068884226D06D
:10121000B8492068884222D0B649183120688842EF
:101220001DD0B44930312068884218D0B1494831C6
:101230002068884213D0AF496031206888420ED0C0
:10124000AC4978312068884209D0AA499031206899
:10125000884204D0A749A8312068884204D1206878
:10126000006800F0040003E02068006800F0080057
:1012700080B12068006820F004002168086094F8BC
:101280005C0000F01F0108208840B060606D40F0F5
:101290000100606594F85C0000F01F0101208840A7
:1012A0003840E8B392492068884200E0B7E24BD06A
:1012B0008F4918312068884246D08D4930312068E6
:1012C000884241D08A494831206888423CD08849C8
:1012D00060312068884237D085497831206888425B
:1012E00032D083499031206888422DD08049A8317E
:1012F0002068884228D07F492068884224D07D49D0
:101300001831206888421FD07A49303120688842DD
:101310001AD0784948312068884215D0754900E0D4
:1013200026E06031206888420ED07249783120680A
:10133000884209D06F4990312068884204D06D49B5
:10134000A8312068884204D12068406900F08000FC
:1013500002E020680068002050B194F85C0000F0C2
:101360001F0101208840B060606D40F002006065A0
:1013700094F85C0000F01F01042088403840E8B376
:101380005B49206888424BD059491831206888420F
:1013900046D0574930312068884241D054494831BD
:1013A000206888423CD0524960312068884237D05A
:1013B0004F4978312068884232D04D4990312068B9
:1013C00088422DD04A49A8312068884228D049490E
:1013D0002068884224D047491831206888421FD0AD
:1013E00044493031206888421AD042494831206847
:1013F000884215D03F496031206800E024E08842EF
:101400000ED03C4978312068884209D03949903162
:101410002068884204D03749A8312068884204D126
:101420002068006800F0020002E0206800680020E8
:1014300050B194F85C0000F01F0104208840B060B7
:10144000606D40F00400606594F85C0000F01F01DE
:10145000102088403840E8B325492068884251D0A0
:1014600023491831206888424CD021493031206806
:10147000884247D01E4948312068884242D01C49E2
:101480006031206888423DD019497831206888420F
:1014900038D0174990312068884233D01449A83198
:1014A000206888422ED01349206888422AD01149EA
:1014B00018312068884225D00E4930312068884292
:1014C00020D00C494831206888421BD0094960313E
:1014D000206800E04DE0884214D006497831206849
:1014E00088420FD003499031206805E010000024A5
:1014F0001000024010040240884203D0FE492068D8
:10150000884204D12068006800F0080003E02068E9
:10151000006800F0040060B394F85C0000F01F0164
:1015200010208840B0602068006800F4802080B1FE
:101530002068006800F4002028B9206CC8B120465B
:10154000216C884715E0A06C98B12046A16C8847B3
:101550000FE02068006800F4807028B920680068F7
:1015600020F0080021680860206C10B12046216C32
:10157000884794F85C0000F01F0120208840384024
:1015800000287DD0DD492068884249D0DB491831E8
:101590002068884244D0D9493031206888423FD001
:1015A000D6494831206888423AD0D4496031206811
:1015B000884235D0D14978312068884230D0CF492F
:1015C0009031206888422BD0CC49A83120688842CD
:1015D00026D0C949A8392068884221D0C649903907
:1015E000206888421CD0C44978392068884217D0C6
:1015F000C14960392068884212D0BF494839206803
:1016000088420DD0BC4930392068884208D0BA4998
:1016100018392068884203D0B7492068884204D12D
:101620002068006800F0100003E02068006800F007
:10163000020028B394F85C0000F01F0120208840CD
:10164000B06094F8350004282DD12068006820F09F
:101650001600216808602068406920F08000216839
:101660004861206C08B9A06C28B12068006820F09F
:1016700008002168086094F85C0000F01F0100E099
:101680003FE03F208840B060012084F8350000BF73
:10169000002084F8340000BF206D10B12046216D79
:1016A0008847BDE8F88F2068006800F4802080B18A
:1016B0002068006800F4002028B9606C08B3204658
:1016C000616C88471DE0E06BD8B12046E16B88472C
:1016D00017E02068006800F4807068B9206800682E
:1016E00020F0100021680860012084F8350000BF58
:1016F000002084F8340000BFE06B10B12046E16B9D
:101700008847606D00287AD0606D00F00100E8B372
:10171000042084F835007949206888424BD0774905
:1017200018312068884246D0744930312068884298
:1017300041D072494831206888423CD06F496031BD
:101740002068884237D06D4978312068884232D08D
:101750006A499031206888422DD06849A8312068B4
:10176000884228D06449A8392068884223D0624939
:101770009039206888421ED05F49783920688842B5
:1017800019D05D4960392068884200E040E012D0FD
:1017900059494839206888420DD057493039206866
:1017A000884208D0544918392068884203D05249E9
:1017B0002068884206D12068006820F00100216876
:1017C000086005E02068006820F0010021680860DA
:1017D00000BF0098401C0090504500D905E02068EB
:1017E000006800F001000028F3D100BF2068006805
:1017F00000F0010020B1032084F8350003E00DE083
:10180000012084F8350000BF002084F8340000BFB8
:10181000E06C002802D02046E16C8847D9E13849C5
:101820002068884222D036491431206888421DD071
:10183000334928312068884218D031493C3120682A
:10184000884213D02E495031206888420ED02C494E
:1018500064312068884209D029497831206888425B
:1018600004D027498C312068884201D1012000E052
:1018700000200028D2D02068056894F85C0000F0B1
:101880001F010420884000EA0900D8B305F00400D5
:10189000C0B394F85C0000F01F0104208840C8F831
:1018A000040005F4004080B105F4803030B9A06C2C
:1018B0000028B3D02046A16C88478AE1206C00281C
:1018C000ACD02046216C884783E105F02000E8BBBE
:1018D0000A492068884253D0084918312068884254
:1018E0004ED0064930312068884249D003494831FA
:1018F0002068884244D006E0B8040240100002404C
:10190000085402584FE0B44960312068884237D00B
:10191000B14978312068884232D0AF49903120688F
:1019200088422DD0AC49A8312068884228D0AB49E4
:101930002068884224D0A9491831206888421FD0E5
:10194000A6493031206888421AD000E025E0A3493A
:1019500048312068884213D0A0496031206888420D
:101960000ED09E4978312068884209D09B49903139
:101970002068884204D09949A8312068884206D15D
:101980002068006820F008002168086005E02068F1
:10199000006820F0040021680860206C10B3204625
:1019A000216C884715E194F85C0000F01F010220CB
:1019B000884000EA0900E8B305F00200D0B394F8CB
:1019C0005C0000F01F0102208840C8F8040005F404
:1019D000004070B105F4803028B9606C10B1204629
:1019E000616C8847F5E0E06BF0B32046E16B884717
:1019F000EFE005F02000C0BB7749206888424ED058
:101A0000754918312068884249D0734930312068BF
:101A1000884244D070494831206888423FD06E499E
:101A20006031206888423AD06B497831206888421A
:101A300035D000E04EE068499031206888422ED0D1
:101A40006549A8312068884229D0644920688842C5
:101A500025D0624918312068884220D05F49303152
:101A6000206888421BD001E06EE02DE05B494831E0
:101A70002068884213D059496031206888420ED0CE
:101A8000564978312068884209D0544990312068FD
:101A9000884204D05149A8312068884206D1206884
:101AA000006820F014002168086005E020680068E4
:101AB00020F00A0021680860012084F8350000BF8A
:101AC000002084F8340000BFE06BE8B32046E16BEF
:101AD00088477EE094F85C0000F01F0108208840F1
:101AE00000EA090080B305F0080068B33A492068AD
:101AF00088424BD0384918312068884246D0364950
:101B000030312068884241D03349483120688842CA
:101B10003CD0314960312068884237D02E49783135
:101B20002068884232D02C499031206888422DD0DC
:101B30002949A8312068884228D02849206888424D
:101B400024D02649183100E043E0206888421DD0A7
:101B5000224930312068884218D020494831206815
:101B6000884213D01D496031206888420ED01B493D
:101B700078312068884209D018499031206888421D
:101B800004D01649A8312068884206D12068006830
:101B900020F01C002168086005E02068006820F043
:101BA0000E002168086094F85C0000F01F0101201D
:101BB0008840C8F804000120606584F8350000BF43
:101BC000002084F8340000BFE06C10B12046E16CC6
:101BD000884700BF65E50000100002401004024085
:101BE0002DE9F041044601F04BFD804614B9012077
:101BF000BDE8F081FE492068884249D0FC4918318F
:101C00002068884244D0FA493031206888423FD069
:101C1000F7494831206888423AD0F5496031206858
:101C2000884235D0F24978312068884230D0F04976
:101C30009031206888422BD0ED49A8312068884235
:101C400026D0EC492068884222D0EA491831206821
:101C500088421DD0E74930312068884218D0E549D4
:101C600048312068884213D0E249603120688842B8
:101C70000ED0E04978312068884209D0DD499031A2
:101C80002068884204D0DB49A8312068884201D10D
:101C9000012000E00020002873D0606A00B100BF7E
:101CA000022084F8350000BF002084F8340000BF13
:101CB000CF492068884249D0CD49183120688842F0
:101CC00044D0CB493031206888423FD0C8494831A0
:101CD000206888423AD0C64960312068884235D0B1
:101CE000C34978312068884230D0C149903120689A
:101CF00088422BD0BE49A8312068884226D0BD49F1
:101D00002068884222D0BB491831206888421DD003
:101D1000B84930312068884218D0B6494831206827
:101D2000884213D0B3496031206888420ED0B1494F
:101D300078312068884209D0AE49903120688842C5
:101D400004D0AC49A8312068884206D120680068D8
:101D500020F001002168086005E02068006820F09C
:101D60000100216808600DE001F08AFCA0EB08008A
:101D7000052807D920206065032084F8350001205C
:101D800036E769E02068006800F001000028EBD128
:101D90002068056898480540D4E902010843216994
:101DA000084361690843A1690843E1690843216A5E
:101DB00008430543606A042803D1D4E90B010843B2
:101DC00005436068292802D360682E2817D9606807
:101DD0003F2802D36068422811D96068472802D39F
:101DE000606848280BD960684F2802D36068522881
:101DF00005D96068742804D36068772801D8012069
:101E000000E0002008B145F48015206805602068D6
:101E1000456925F00705606A0543606A04280DD10D
:101E2000A06A0543E06A48B1204609F0FBF928B1F1
:101E300040206065012084F83500D9E620684561BE
:101E4000204609F047FA064694F85C0000F01F01AE
:101E50003F208840B0609EE068492068884222D0D8
:101E600066491431206888421DD0644928312068B1
:101E7000884218D061493C312068884213D05F49BC
:101E80005031206888420ED05C4964312068884215
:101E900009D05A4978312068884204D057498C319A
:101EA0002068884201D1012000E00020E0B35349BE
:101EB0002068884222D051491431206888421DD0C0
:101EC0004E4928312068884218D04C493C3120685E
:101ED000884213D049495031206888420ED0474982
:101EE00064312068884209D04449783120688842AA
:101EF00004D042498C312068884201D1012000E0A1
:101F0000002000B100BF022084F8350000BF00208F
:101F100084F8340000BF2068056839480540A0688F
:101F2000402802D1102106E02EE0A068802801D1CF
:101F3000C10100E00021E06841EAD001206941EAE6
:101F4000D001606941EAD001A06941EAD001E069AD
:101F500041EAD001206A41EA10100543206805607B
:101F600026492068401A1421B0FBF1F08000E0659A
:101F7000204609F0AFF9074694F85C0000F01F0115
:101F800001208840786006E040206065032084F8E6
:101F9000350001202CE61649206888427AD0144981
:101FA00018312068884275D0114930312068884244
:101FB00070D00F494831206888426BD00C4960319D
:101FC0002068884266D00A4978312068884261D00A
:101FD00007499031206888425CD00549A8312068C3
:101FE000884257D003492068884253D0014909E00C
:101FF00010000240100402403F8010FE08540258B6
:102000000F00FEFF18312068884243D0374920680E
:1020100088423FD035491831206888423AD0334948
:1020200030312068884235D03049483120688842B4
:1020300030D02E496031206888422BD02B4978312E
:102040002068884226D02A492068884222D0284920
:102050001431206888421DD02549283120688842E3
:1020600018D023493C312068884213D02049503190
:10207000206888420ED01E4964312068884209D009
:102080001B4978312068884204D019498C31206876
:10209000884201D1012000E0002000B3204609F071
:1020A0008FF9A068802801D1002060602079216E1E
:1020B0000860D4E919104860606860B16068082859
:1020C00009D8204609F0DEF90020E16E0860D4E965
:1020D0001C10486003E00020E06620676067002075
:1020E0006065012084F83500002081E5400402404D
:1020F000085402582DE9F04104460D4616461F4685
:102100004FF0000814B90120BDE8F08100BF94F839
:102110003400012801D10220F6E7012084F83400C0
:1021200000BF94F8350001287ED1022084F83500E4
:1021300000206065E4492068884249D0E2491831AE
:102140002068884244D0E0493031206888423FD03E
:10215000DD494831206888423AD0DB496031206847
:10216000884235D0D84978312068884230D0D64965
:102170009031206888422BD0D349A831206888420A
:1021800026D0D2492068884222D0D0491831206810
:1021900088421DD0CD4930312068884218D0CB49C3
:1021A00048312068884213D0C8496031206888428D
:1021B0000ED0C64978312068884209D0C349903191
:1021C0002068884204D0C149A8312068884206D1DD
:1021D0002068006820F001002168086005E02068A0
:1021E000006820F00100216808603B46324629461D
:1021F000204608F0DDFEB449206888424BD0B24941
:1022000018312068884246D0AF4930312068884272
:1022100041D0AD494831206888423CD0AA4960315C
:102220002068884237D000E042E1A7497831206831
:10223000884230D0A4499031206888422BD0A249EE
:10224000A8312068884226D0A0492068884222D040
:102250009E491831206888421DD09C493031206841
:10226000884218D0994948312068884213D097494C
:102270006031206888420ED09449783120688842C5
:1022800009D0924990312068884204D08F49A83102
:102290002068884201D1012000E0002080B1206840
:1022A000006820F01E0040F0160021680860206CD5
:1022B000B0B12068006840F00800216808600FE0B5
:1022C0002068006820F00E0040F00A0021680860D5
:1022D000206C28B12068006840F004002168086084
:1022E00079492068884270D077491831206888423F
:1022F0006BD0754930312068884266D072494831C8
:102300002068884261D070496031206888425CD082
:102310006D4978312068884257D06B4990312068E8
:10232000884252D06849A831206888424DD0674918
:102330002068884249D0654918312068884244D0D5
:1023400062493031206888423FD060494831206876
:1023500088423AD05D4960312068884235D05B4977
:1023600078312068884230D05849903120688842BE
:102370002BD05649A8312068884226D0544920687D
:10238000884222D052491431206888421DD05049D9
:1023900028312068884218D04D493C312068884255
:1023A00013D04B495031206888420ED048496431DF
:1023B0002068884209D0464978312068884204D094
:1023C00043498C312068884201D1012000E000207F
:1023D00090B1206E006800F4803028B1206E006853
:1023E00040F48070216E0860E06E28B1E06E0068F5
:1023F00040F48070E16E086033492068884249D01B
:10240000314918312068884244D02F493031206842
:1024100088423FD02C494831206888423AD02A4926
:1024200060312068884235D0274978312068884259
:1024300030D025499031206888422BD02249A831DC
:102440002068884226D021492068884222D01F492E
:102450001831206888421DD01C49303120688842DC
:1024600018D01A4948312068884213D01749603182
:10247000206888420ED0154978312068884209D0FA
:10248000124990312068884204D01049A831206850
:10249000884206D12068006840F001002168086089
:1024A00010E02068006840F001002168086009E041
:1024B0004FF40060606500BF002084F8340000BF66
:1024C0004FF0010840461FE6100002401004024091
:1024D0000854025870B5044601F0D2F80646254665
:1024E000681C10B104480078054400BF01F0C8F82A
:1024F000801BA842FAD370BD0C00002430B50346FF
:1025000093F89840012C01D0022C3ED11868806DC0
:10251000084030B91868C06D40F001001D68E865DA
:102520000EE01868806D0840884206D11868C06DBA
:1025300040F002001D68E86502E003201D68E865C0
:1025400001F4007030B11868D0F8E00010431D6845
:10255000C5F8E00001F4806030B11868D0F8E400FC
:1025600010431D68C5F8E40000BF1868406D0B4DAE
:102570000D4028431D6868650948006840EA91706D
:10258000074D286000BF002030BDD3F89C0040F00C
:102590000200C3F89C000120F6E70000FFFFCF3FD8
:1025A00014A800402DE9F04104460E461746706815
:1025B00000B900E000BF94F89800022832D12068EA
:1025C000D0F8C00000F07C5040B9D4F89C0040F036
:1025D0002000C4F89C000120BDE8F0812068D0F8FC
:1025E000C40000F4001038B1D4F89C0040F400702E
:1025F000C4F89C000120EFE72068D0F8C400C0F3C5
:1026000004452B463A463146204609F029FA012076
:10261000A8402168C1F8D0000120A840C4F8940067
:102620000020D9E7D4F89C0040F00800C4F89C00D2
:102630000120D1E77047F0B5024692F89860012E6C
:1026400001D0022E43D1C868072800D100BF086816
:1026500018BBC868072800D000BFC86807280BD17E
:10266000088A4FF0605747EA0040CF6940EA0720E8
:102670008F6940EA07040AE0087A80070F7B40EA86
:10268000C7600F8A40EA07404F6940EA0704D76EE7
:10269000486807EB80031C6017E0C868072800D073
:1026A00000BF0F7B086940EA4774C868072801D15A
:1026B0008D6903E00F7A486940EA8775176F4868AB
:1026C00007EBC0031C601B1D1D600020F0BDD2F88D
:1026D0009C0040F00200C2F89C000120F6E770B5B3
:1026E0000446049D94F8980001280AD1080140EAA4
:1026F000820040EA430028432668C6F88000002094
:1027000070BDD4F89C0040F00400C4F89C00012087
:10271000F6E77047704700002DE9F04304460D4688
:102720009C46002394F89880B8F1020F74D1402D94
:1027300038D12068D0F8A00000F4FE0040B9D4F8E9
:102740009C0040F02000C4F89C000120BDE8F0830C
:102750002068D0F8A40000F07F0038B9D4F89C00BD
:1027600040F48070C4F89C000120EFE72068D0F8A6
:10277000A400C0F3006040B12068D0F8A0004FF082
:102780000109B9EBD07F00D101232068D0F8A40063
:10279000C0F305200344606C5843D4F8749009EBEF
:1027A00080014BE0412D38D12068D0F8B00000F412
:1027B000FE0038B9D4F89C0040F02000C4F89C001A
:1027C0000120C3E72068D0F8B40000F07F0038B9DA
:1027D000D4F89C0040F48070C4F89C000120B5E758
:1027E0002068D0F8B400C0F3006040B12068D0F891
:1027F000B0004FF00109B9EBD07F00D10123206870
:10280000D0F8B400C0F305200344E06C5843D4F87A
:10281000789009EB800111E06DE0206DA84207D8A7
:10282000D4F89C0040F02000C4F89C0001208DE703
:10283000606D6843D4F87C9009EB8001086800F073
:1028400080405060506820B90868C0F38A4010602A
:1028500003E0086820F060401060086800F0005055
:102860009060086800F000401061091D088880B27F
:10287000D0610868C0F30340D060086800F480109D
:102880005061086800F4001090610868C0F30660A9
:1028900010620868C00F5062091D0F46002603E051
:1028A000B85D0CF80600761CDFF85C90D06819F86B
:1028B0000000B042F4D8402D03D12068C0F8A83001
:1028C00017E0412D03D12068C0F8B83011E0202D69
:1028D00006D20120A840D4F80090C9F8980008E07A
:1028E00005F01F09012000FA09F0D4F80090C9F89A
:1028F0009C0000202AE7D4F89C0040F00800C4F8AF
:102900009C00012022E7000058CB0008704700001F
:102910002DE9F04F8DB00446EF4800688707EE4878
:10292000001D006807EA80772068006D00F4704899
:102930002068406D00EA08082068006D00F00F096B
:102940002068406D00EA09092068006D00F0F00A77
:102950002068406D00EA0A0A2068006D00F0715B93
:102960002068406D00EA0B0B2068006D00F060707D
:102970000C902068406D0C9908400C902068456DC3
:102980002068066DC5F3002070B1C6F3002058B171
:1029900000BF4FF48070216808650020CE490860B0
:1029A00000BF2046FFF7B2FFC5F38020C8B1C6F3D1
:1029B0008020B0B12068D0F8DC000A902068D0F800
:1029C000E4000A9908400A9000BF4FF48060216833
:1029D00008650020C049086000BF20460A9900F041
:1029E000ADFC67B100BFBD48384021680865B80F2D
:1029F000B949086000BF39462046FFF71BFEB8F111
:102A0000000F0ED000BFB54808EA00002168086535
:102A10004FEA9870B049086000BF4146204600F078
:102A20008FFCB9F1000F0ED000BFAC4809EA0000DE
:102A3000216808654FEA9970A749086000BF4946B8
:102A4000204600F0BFFBBAF1000F0ED000BFA34834
:102A50000AEA0000216808654FEA9A709E490860FA
:102A600000BF5146204600F0FBFBC5F3C02070B10B
:102A7000C6F3C02058B100BF4FF40060216808655C
:102A800000209549086000BF204600F05AFCC5F3BD
:102A90004020C8B1C6F34020B0B12068D0F8D800BB
:102AA0000B902068D0F8E0000B9908400B9000BF15
:102AB0004FF400702168086500208749086000BF56
:102AC00020460B9900F03BFCC5F3C04070B1C6F343
:102AD000C04058B100BF4FF40020216808650020B5
:102AE0007D49086000BF204600F06AFBC5F3004046
:102AF00070B1C6F3004058B100BF4FF48030216878
:102B0000086500207449086000BF204600F015FCED
:102B1000C5F3804070B1C6F3804058B100BF4FF498
:102B200080202168086500206B49086000BF2046AE
:102B300000F002FCC5F3404088B1C6F3404070B1DC
:102B400000BF4FF40030216808650020624908602A
:102B500000BFD4F89C0040F08000C4F89C000C98A2
:102B600070B100BF5D490C980840216808650C9859
:102B7000800F5949086000BF20460C99FFF7CAFD35
:102B8000BBF1000F10D000BF54480BEA00002168D1
:102B900008654FEA9B705049086000BFD4F89C005C
:102BA00040EA0B00C4F89C004D49206888427DD162
:102BB0006068806800F00300002877D06068006AD1
:102BC00000F00F0009906068406A09990840099078
:102BD0006068006A00F0300008906068406A0899F8
:102BE000084008906068006A00F4C0700790606850
:102BF000406A0799084007906068006A00F4FC404A
:102C000006906068406A0699084006906068006A0D
:102C100000F4F02005906068406A0599084005902E
:102C20006068406A02906068006A0190099830B15B
:102C30000998616808622046099900F07AFB0898B3
:102C400030B10898616808622046089900F073FB6B
:102C50000298C0F38010A0B10198C0F3801080B139
:102C60006068C06B000C04906068C06B00F03F00AF
:102C700003904020616808622046DDE9032100F0EE
:102C800059FB079830B10798616808622046079998
:102C900000F04EFB069840B1069861680862D4F8CF
:102CA0009C0006990843C4F89C0000E00AE00598DF
:102CB00040B1059861680862D4F89C000599084302
:102CC000C4F89C00D4F89C0010B12046FFF721FD09
:102CD0000DB0BDE8F08F000010A80040FFFFCF3F0F
:102CE00000A0004070B594B004464C22B34901A83E
:102CF000FDF72AFC14B9012014B070BDB04920685A
:102D0000884203D1206800F580706060A068B0F54B
:102D1000407F00D100BF206C00B100BFA06C00B1AB
:102D200000BF206D00B100BF206E00B100BFD4E92C
:102D30001710084400B100BF94F8980028B900208B
:102D400084F89900204600F03DF92068806920F061
:102D500010002168886100F093FC05460EE000F049
:102D60008FFC401B0A2809D99834606840F00100A4
:102D70006060032004F898090120BDE7206880699D
:102D800000F008000828EAD02068806940F00100BF
:102D90002168886100F074FC05460EE000F070FCCC
:102DA000401B0A2809D99834606840F0010060602F
:102DB000032004F8980901209EE72068806900F04C
:102DC00001000028EAD02068806940F002002168F4
:102DD0008861207C012806D12068806920F04000AD
:102DE0002168886105E02068806940F04000216822
:102DF0008861607C012806D12068806940F48040A9
:102E00002168886105E02068806920F4804021689D
:102E10008861A07C012806D12068806920F4805058
:102E20002168886105E02068806940F4805021684D
:102E300088612068806920F44070A1680843216897
:102E400088612068806920F0A4002168886120687A
:102E5000006920F0100021680861E068012806D1AF
:102E60002068806940F004002168886120E0E06803
:102E7000F0B1E068022815D02068806940F0800039
:102E8000216888612068006940F0100021680861AD
:102E9000E06803280CD12068806940F02000216898
:102EA000886105E02068806940F020002168886121
:102EB000207E401E4106E069401E41EA0020216A52
:102EC000491E0843A18A491E40EA01402168C861A1
:102ED000A068B0F5407F0FD1A06A401EE16A491E8C
:102EE00040EA0121206B401E41EA0011A08C401EE7
:102EF00041EA00402168C860206E38B12068D0F8EF
:102F0000C000616E08432168C1F8C000D4E9171001
:102F1000084460B12068D0F8C80020F0070001AA7A
:102F2000A16E52F8211008432168C1F8C800206C36
:102F300060B12068D0F8BC0020F0070001AA616CE5
:102F400052F8211008432168C1F8BC00A06C68B198
:102F50002068D0F8BC0020F0700101AAE06C52F8A3
:102F6000200041EA00102168C1F8BC00206D68B162
:102F70002068D0F8BC0020F4E06101AA606D52F82E
:102F8000200041EA00202168C1F8BC000C492068FB
:102F9000884205D16068806820F00300616888601D
:102FA000002044F8940FA06001202071943C20463A
:102FB00008F0BEFD064630469EE6000068CB0008DD
:102FC00000A0004010B5B6B00446142130A8FDF7AB
:102FD000EDFAB82102A8FDF7E9FA724920688842A3
:102FE00049D14FF400410020CDE9021048031D9063
:102FF00002A800F09DFE08B1FDF729FC6A480068B0
:10300000401C694908600846006801280DD100BFCE
:103010006648006840F480706449086008460068AB
:1030200000F48070019000BF00BF00BF5F480C3803
:10303000006840F008005D490C39086008460068E7
:1030400000F00800019000BF00BF03203090022074
:1030500031900020329033900920349030A95448A8
:1030600000F008FA00221146132000F09DFB132007
:1030700000F086FB93E04F492068884249D14FF425
:1030800000410020CDE9021048031D9002A800F085
:103090004FFE08B1FDF7DBFB43480068401C424986
:1030A00008600846006801280DD100BF3F4800684D
:1030B00040F480703D4908600846006800F4807064
:1030C000019000BF00BF00BF38480C38006840F0D6
:1030D000020036490C3908600846006800F002001A
:1030E000019000BF00BF602030900220319000208E
:1030F000329033900920349030A92F4800F0BAF96B
:1031000000221146142000F04FFB142000F038FB81
:1031100045E02A492068884241D14FF4004100200F
:10312000CDE9021048031D9002A800F001FE08B18D
:10313000FDF78DFB1C480068401C1B4908600846D1
:10314000006801280DD100BF1848006840F4807065
:10315000164908600846006800F48070019000BFBE
:1031600000BF00BF11480C38006840F008000F494C
:103170000C3908600846006800F00800019000BFA4
:1031800000BF4FF440503090022031900020329028
:1031900033900520349030A9054800F06BF936B023
:1031A00010BD000000A0004000000024EC440258C4
:1031B000000C025800A400400004025800D4004053
:1031C0007047000070B504460D461F4920688842CC
:1031D00010D11E4BA3F1280240212046FFF79CFA94
:1031E0001A482C38406B70B318482C38416B001DBE
:1031F000884728E016492068884210D1154BA3F172
:10320000280240212046FFF787FA12482C38406BED
:10321000C8B110482C38416B001D884713E00E4997
:10322000206888420FD10D4BA3F12802402120468F
:10323000FFF772FA09482C38406B20B107482C3848
:10324000416B001D884770BD00A000400C090024A0
:1032500000A400404409002400D400407C0900245C
:1032600070B504460D461F492068884210D11E4B98
:10327000A3F1280241212046FFF74EFA1A482C38C4
:10328000406B70B318482C38416B001D884728E00C
:1032900016492068884210D1154BA3F1280241211C
:1032A0002046FFF739FA12482C38406BC8B1104855
:1032B0002C38416B001D884713E00E492068884276
:1032C0000FD10D4BA3F1280241212046FFF724FA2C
:1032D00009482C38406B20B107482C38416B001D41
:1032E000884770BD00A000400C09002400A40040E5
:1032F0004409002400D400407C090024014691F8D0
:10330000980001280CD1022081F898000868806993
:1033100020F001000A6890610020C1F89C0070470D
:10332000D1F89C0040F00400C1F89C000120F6E7B1
:1033300070477047704770477047704770477047D5
:103340007047704710B50446012C03D132494868D4
:10335000804760E0022C03D13049486880475AE03A
:10336000042C03D12E494868804754E0082C03D12F
:103370002C49486880474EE0102C03D12A49486800
:10338000804748E0202C03D128494868804742E024
:10339000402C03D12649486880473CE0802C03D16B
:1033A00024494868804736E0B4F5807F03D122493C
:1033B000486880472FE0B4F5007F03D11F49486873
:1033C000804728E0B4F5806F03D11D4948688047E5
:1033D00021E0B4F5006F03D11A49486880471AE02C
:1033E000B4F5805F03D118494868804713E0B4F50D
:1033F000005F03D11549486880470CE0B4F5804F61
:1034000003D113494868804705E0B4F5004F02D165
:1034100010494868804710BD18010024200100248D
:103420002801002430010024380100244001002438
:1034300048010024500100245801002460010024A8
:103440006801002470010024780100248001002418
:10345000880100249001002410B504460448006847
:10346000204020B1024804602046FFF76BFF10BDEA
:1034700088000058F8B502460B4600216D4DD2E099
:1034800001278F401E6806EA0704002C72D01E79BF
:1034900006F00306012E04D01E7906F00306022E64
:1034A00013D190684F000326BE40B0434F00DE6842
:1034B000BE4030439060506801268E40B0431E7974
:1034C000C6F300168E40304350601E7906F00306A6
:1034D000032E09D0D0684F000326BE40B0434F00F2
:1034E0009E68BE403043D0601E7906F00306022E6F
:1034F00013D1CF0802F1200656F827004E07F70E29
:103500000F26BE40B0434F07FF0E1E69BE4030433A
:10351000CF0802F1200646F8270010684F00032666
:10352000BE40B0431E7906F003064F00BE40304354
:1035300010605E6806F44036002E73D000BF3E4E29
:10354000366846F002063C4F3E603E46366806F05E
:103550000206009600BF00BF384E8F0856F82700BD
:103560008E07370F0F26BE40B043354EB24202D110
:10357000002629E056E0334EB24201D1012623E075
:10358000314EB24201D102261EE0304EB24201D18C
:10359000032619E02E4EB24201D1042614E02D4E2E
:1035A000B24201D105260FE02B4EB24201D10626D0
:1035B0000AE02A4EB24201D1072605E0284EB24267
:1035C00001D1092600E00A268F073F0FBE40304395
:1035D0001A4E8F0846F827004FF0B0463068A043D7
:1035E0005E6806F4801606B120434FF0B0463060A6
:1035F0007068A0435E6806F4001606B120434FF0E1
:10360000B04670606868A0435E6806F4003606B194
:10361000204368602868A0435E6806F4803606B1DF
:1036200020432860491C1E68CE40002E7FF428AF3E
:10363000F8BD000080000058F44402580804005807
:10364000000002580004025800080258000C0258FA
:10365000001002580014025800180258001C0258AA
:1036600000240258024613690B400BB1012000E010
:10367000002070470AB1816101E00B04836170474B
:1036800001480068704700000400002403480068F7
:103690000349097808440149086070470400002480
:1036A0000C00002410B5032000F0BCF801F07EFBF4
:1036B00010490968C1F303210F4A515C01F01F0151
:1036C00020FA01F40B48006800F00F001146085C76
:1036D00000F01F0024FA00F0084908600848046060
:1036E0000F2000F00FF808B1012010BD00F036F8EF
:1036F0000020FAE718440258DCCB0008140000242C
:103700001000002470B504461148007808B9012063
:1037100070BD0F4800784FF47A71B1FBF0F00D499D
:103720000968B1FBF0F5284602F004F808B1012061
:10373000EEE7102C07D200222146501E00F034F88C
:103740000548046001E00120E2E70020E0E7000016
:103750000C000024100000240800002408B500BF5D
:103760000648006840F00200044908600846006806
:1037700000F00200009000BF00BF08BDF4440258F2
:103780000146084600280DDB00BF00BF00F01F0304
:1037900001229A4043099B0003F1E023C3F8002172
:1037A00000BF00BF00BF70472DE9F05F80460D46A7
:1037B000164608F0E1FA074639462A46334601F034
:1037C0000700C0F1070ABAF1040F02D94FF0040A4A
:1037D00001E0C0F1070AD14600F1040ABAF1070F6F
:1037E00002D24FF0000A01E0A0F1030AD4464FF0E4
:1037F000010A0AFA09FAAAF1010A0AEA020A0AFA0D
:103800000CFA4FF0010B0BFA0CFBABF1010B0BEABE
:10381000030B4AEA0B042146404608F099FABDE83A
:10382000F09F000000BF00F00702064B19684FF63A
:10383000FF031940044B0B4343EA0221014B19607B
:1038400000BF70470CED00E00000FA0570B50446BB
:1038500015480068C0F3800048B91348006800F0BC
:103860000700A04201D0012070BD0020FCE70E48F7
:10387000006820F0070020430B490860FFF700FFB5
:10388000054607E0FFF7FCFE401BB0F57A7F01D943
:103890000120E9E7044808380068C0F340300028F8
:1038A000F0D00020E0E700000C48025810B501F00D
:1038B00033FA05490968C1F30211044A515C01F069
:1038C0001F01C84010BD000020440258DCCB000896
:1038D00070B50146844D2D6805F00303824D2D68B7
:1038E000C5F30530804D2D1D2D68C5F300147E4DA8
:1038F00014352D68C5F3CC0515FB04F501EE105AFF
:10390000B8EE411AF0EE410A00286FD023B1012B26
:103910004ED0022B6BD16BE0734D283D2D68C5F363
:1039200040153DB3704D283D2D68C5F3C1066F4D60
:1039300025FA06F201EE102AF8EE411A01EE100AFD
:10394000B8EE411A81EE812A9FED691AC0EE811A04
:10395000654D10352D68C5F3080501EE105AB8EE17
:10396000411A31EE811AF7EE001A31EE211A22EED9
:10397000010A1CE001EE100AB8EE411ADFED5D1AF3
:1039800081EE812A9FED5A1AC0EE811A564D1035EC
:103990002D68C5F3080501EE105AB8EE411A31EE54
:1039A000811AF7EE001A31EE211A22EE010A5BE0CD
:1039B00001EE100AB8EE411ADFED4F1A81EE812AAE
:1039C0009FED4B1AC0EE811A474D10352D68C5F397
:1039D000080501EE105AB8EE411A31EE811AF7EEE1
:1039E000001A31EE211A22EE010A3DE077E01DE0D7
:1039F00001EE100AB8EE411A9FED402AC2EE011AFC
:103A00009FED3B1A80EE812A374D10352D68C5F3A6
:103A1000080501EE105AB8EE411A32EE011AB7EE5F
:103A2000002A31EE021A21EE810A1DE001EE100A91
:103A3000B8EE411ADFED301A81EE812A9FED2C1A83
:103A4000C0EE811A284D10352D68C5F3080501EE2A
:103A5000105AB8EE411A31EE811AF7EE001A31EE23
:103A6000211A22EE010A00BF00BF1F4D10352D683C
:103A7000C5F3462501EE105AB8EE411AF7EE001ACA
:103A800031EE211AC0EE011ABCEEE11A81ED001AE6
:103A9000154D10352D68C5F3064501EE105AB8EEE8
:103AA000411AF7EE001A31EE211AC0EE011ABCEEEF
:103AB000E11A81ED011A0C4D10352D68C5F306652C
:103AC00001EE105AB8EE411AF7EE001A31EE211A43
:103AD000C0EE011ABCEEE11A81ED021A03E00025E6
:103AE0000D604D608D6070BD284402580090D00379
:103AF000000000460024744C0024744A001BB74B9D
:103B000070B50146844D2D6805F00303824D2D6884
:103B1000C5F30550804D2D1D2D68C5F300247E4D45
:103B20001C352D68C5F3CC0515FB04F501EE105AC4
:103B3000B8EE411AF0EE410A00286FD023B1012BF4
:103B40004ED0022B6BD16BE0734D283D2D68C5F331
:103B500040153DB3704D283D2D68C5F3C1066F4D2E
:103B600025FA06F201EE102AF8EE411A01EE100ACB
:103B7000B8EE411A81EE812A9FED691AC0EE811AD2
:103B8000654D18352D68C5F3080501EE105AB8EEDD
:103B9000411A31EE811AF7EE001A31EE211A22EEA7
:103BA000010A1CE001EE100AB8EE411ADFED5D1AC1
:103BB00081EE812A9FED5A1AC0EE811A564D1835B2
:103BC0002D68C5F3080501EE105AB8EE411A31EE22
:103BD000811AF7EE001A31EE211A22EE010A5BE09B
:103BE00001EE100AB8EE411ADFED4F1A81EE812A7C
:103BF0009FED4B1AC0EE811A474D18352D68C5F35D
:103C0000080501EE105AB8EE411A31EE811AF7EEAE
:103C1000001A31EE211A22EE010A3DE077E01DE0A4
:103C200001EE100AB8EE411A9FED402AC2EE011AC9
:103C30009FED3B1A80EE812A374D18352D68C5F36C
:103C4000080501EE105AB8EE411A32EE011AB7EE2D
:103C5000002A31EE021A21EE810A1DE001EE100A5F
:103C6000B8EE411ADFED301A81EE812A9FED2C1A51
:103C7000C0EE811A284D18352D68C5F3080501EEF0
:103C8000105AB8EE411A31EE811AF7EE001A31EEF1
:103C9000211A22EE010A00BF00BF1F4D18352D6802
:103CA000C5F3462501EE105AB8EE411AF7EE001A98
:103CB00031EE211AC0EE011ABCEEE11A81ED001AB4
:103CC000154D18352D68C5F3064501EE105AB8EEAE
:103CD000411AF7EE001A31EE211AC0EE011ABCEEBD
:103CE000E11A81ED011A0C4D18352D68C5F30665F2
:103CF00001EE105AB8EE411AF7EE001A31EE211A11
:103D0000C0EE011ABCEEE11A81ED021A03E00025B3
:103D10000D604D608D6070BD284402580090D00346
:103D2000000000460024744C0024744A001BB74B6A
:103D30002DE9F04104460025A8464FF00062D4E981
:103D4000001011400020134659404040014331D13A
:103D5000606E48B1B0F5801F0DD0B0F5001F11D0D6
:103D6000B0F5401F16D114E0FE48006840F4003062
:103D7000FC49086010E0022104F1080008F004F892
:103D8000054609E0022104F1280008F0AFF80546D5
:103D900002E001E0012500BF00BF55B9F148243021
:103DA000006820F44010616E0843EE492431086039
:103DB00000E0A8464FF48072D4E9001011400020C2
:103DC00013465940404001432ED1A06D05281BD217
:103DD000DFE800F0030A11181900E248006840F417
:103DE0000030E049086011E0002104F1080007F00C
:103DF000CBFF05460AE0002104F1280008F076F820
:103E0000054603E002E001E0012500BF00BF55B90F
:103E1000D4482430006820F00700A16D0843D14940
:103E20002431086000E0A8464FF48062D4E9001015
:103E30001140002013465940404001433DD1D4F881
:103E4000A400B0F5C00F24D007DC68B1B0F5001FA6
:103E500011D0B0F5800F1FD114E0B0F5000F19D0CC
:103E6000B0F5200F18D116E0BE48006840F40030CD
:103E7000BC49086012E0002104F1080007F084FF4B
:103E800005460BE0002104F1280008F02FF8054654
:103E900004E003E002E001E0012500BF00BF5DB9DE
:103EA000B0482C30006820F46000D4F8A410084317
:103EB000AC492C31086000E0A8464FF40062D4E918
:103EC00000011040002113465840494008433DD1AD
:103ED000D4F8A800B0F1407F24D007DC68B1B0F17D
:103EE000807F11D0B0F1007F1FD114E0B0F1806F5E
:103EF00019D0B0F1A06F18D116E09A48006840F4CC
:103F000000309849086012E0002104F1080007F031
:103F10003BFF05460BE0002104F1280007F0E6FF17
:103F2000054604E003E002E001E0012500BF00BF18
:103F30005DB98C482C30006820F0E060D4F8A810FF
:103F4000084388492C31086000E0A8464FF0007310
:103F5000D4E900101940002059404040014328D1C5
:103F6000E06CA8B1102804D0202809D0302810D146
:103F70000DE07C48006840F400307A4908600AE0AF
:103F8000022104F1080007F0FFFE054603E002E00D
:103F900001E0012500BF00BF55B97248203000681C
:103FA00020F03000E16C08436E492031086000E0E9
:103FB000A8464FF48053D4E900101940002059401E
:103FC0004040014337D1E06DB0F5005F1AD004DC0A
:103FD00050B1B0F5805F1ED10DE0B0F5405F18D054
:103FE000B0F5804F17D115E05E48006840F400300E
:103FF0005C49086011E0002104F1080007F0C4FEEC
:1040000005460AE0002104F1280007F06FFF05468D
:1040100003E002E001E0012500BF00BF55B95148AF
:104020002430006820F4E040E16D08434D4924311C
:10403000086000E0A8464FF40053D4E9001019408E
:10404000002059404040014335D1206EB0F5403F3B
:104050001ED007DC68B1B0F5803F0BD0B0F5003F53
:1040600019D10EE0B0F5802F13D0B0F5A02F12D1EA
:1040700010E012E0012104F1080007F085FE05467A
:104080000BE0012104F1280007F030FF054604E0B1
:1040900003E002E001E0012500BF00BF55B931484F
:1040A0002430006820F4E020216E08432D4924319B
:1040B000086000E0A8464FF48042D4E900011040B7
:1040C0000021134658404940084337D1D4F8AC008A
:1040D000B0F1405F1ED007DC68B1B0F1805F0BD05B
:1040E000B0F1005F19D10EE0B0F1804F13D0B0F104
:1040F000A04F12D110E012E0012104F1080007F0F6
:1041000043FE05460BE0012104F1280007F0EEFE16
:10411000054604E003E002E001E0012500BF00BF26
:104120005DB910482C30006820F0E040D4F8AC10A5
:1041300008430C492C31086000E0A8464FF40043C6
:10414000D4E90001184000215840494008432AD1D1
:10415000E06EB8B1B0F1805F06D0B0F1005F12D16F
:1041600009E000002C440258F948006840F400308F
:10417000F749086009E0012104F1080007F004FE96
:10418000054602E001E0012500BF00BF55B9F04837
:104190002430006820F04050E16E0843EC4924319F
:1041A000086000E0A8464FF08073D4E90010194081
:1041B000002059404040014328D1A06CA8B10128FB
:1041C00004D0022809D0032810D10DE0E04800688F
:1041D00040F40030DE4908600AE0022104F10800E2
:1041E00007F0D2FD054603E002E001E0012500BF33
:1041F00000BF55B9D6482030006820F00300A16CFC
:104200000843D3492031086000E0A8464FF48003FA
:10421000D4E90010194000205940404001437DD1AD
:10422000CC48006840F48070CA490860FFF728FA5B
:10423000064606E0FFF724FA801B642801D903250F
:1042400005E0C448006800F480700028F2D000BF88
:1042500085BBBF484430006800F44070B4F8B0102B
:1042600001F44071884213D0B9484430006820F40A
:104270004077B7484430006840F48030B449443156
:1042800008600846006820F480300860084607602F
:10429000D4F8B000B0F5807F15D1FFF7F1F90646EC
:1042A00009E0FFF7EDF9801B41F28831884202D91D
:1042B000032507E038E0A64844300068C0F340001A
:1042C0000028EED000BF55BB00BFB4F8B00000F42A
:1042D0004070B0F5407F0ED19D481C38006820F436
:1042E0007C519D4AD4F8B000104041EA1010984922
:1042F0001C39086007E096481C38006820F47C50A0
:1043000093491C390860924844300068B4F8B010F2
:10431000C1F30B0108438E49443101E005E001E09F
:10432000086002E0A84600E0A8460122D4E90001A6
:1043300010400021134658404940084330D1A06F37
:1043400018281AD005DC48B1082808D0102817D141
:104350000CE0202812D0282812D110E012E0012110
:1043600004F1080007F010FD05460BE0012104F1FF
:10437000280007F0BBFD054604E003E002E001E091
:10438000012500BF00BF55B971482830006820F0F2
:104390003800A16F08436E492831086000E0A84644
:1043A0000223D4E900101940002059404040014345
:1043B00029D1606F062816D2DFE800F003040B1243
:1043C000131412E0012104F1080007F0DDFC05469A
:1043D0000BE0012104F1280007F088FD054604E008
:1043E00003E002E001E0012500BF00BF55B95848D5
:1043F0002830006820F00700616F084354492831D5
:10440000086000E0A8460422D4E900101140002012
:1044100013465940404001432BD1D4F89000062860
:1044200016D2DFE800F003040B12131412E001218E
:1044300004F1080007F0A8FC05460BE0012104F197
:10444000280007F053FD054604E003E002E001E028
:10445000012500BF00BF5DB93D482C30006820F049
:104460000700D4F89010084339492C31086000E067
:10447000A8462023D4E900011840002158404940B3
:10448000084337D1D4F88C00B0F1405F1ED007DC70
:1044900068B1B0F1805F0BD0B0F1005F19D10EE0D0
:1044A000B0F1804F13D0B0F1A04F12D110E012E064
:1044B000002104F1080007F067FC05460BE002212B
:1044C00004F1280007F012FD054604E003E002E0D5
:1044D00001E0012500BF00BF5DB91D48283000681C
:1044E00020F0E040D4F88C100843194928310860C6
:1044F00000E0A8464023D4E90010194000205940AC
:10450000404001433CD1D4F89800B0F5406F25D02D
:1045100007DC68B1B0F5806F0BD0B0F5006F20D12B
:104520000EE0B0F5805F1AD0B0F5A05F19D117E0AA
:1045300019E0002104F1080007F026FC054612E00E
:10454000022104F1280007F0D1FC05460BE0000031
:104550002C44025800480258FFFCFF0F03E002E021
:1045600001E0012500BF00BF4DB9FE48006820F4FE
:10457000E050D4F898100843FA49086000E0A846D3
:104580008023D4E9001019400020594040400143E5
:1045900035D1D4F89C00B0F5C04F1ED007DC68B10F
:1045A000B0F5005F0BD0B0F5804F19D10EE0B0F53B
:1045B000004F13D0B0F5204F12D110E012E00021CF
:1045C00004F1080007F0E0FB05460BE0022104F1CE
:1045D000280007F08BFC054604E003E002E001E060
:1045E000012500BF00BF4DB9DE48006820F46040DF
:1045F000D4F89C100843DB49086000E0A846082373
:10460000D4E900011840002158404940084317D11F
:10461000D4F88000B0F5805F07D1022104F12800B2
:1046200007F064FC08B14FF00108CE48001F006895
:1046300020F44050D4F880100843CA49091F08608C
:104640001023D4E900011840002158404940084394
:1046500015D1D4F89400B0F5807F07D1022104F180
:10466000280007F043FC08B14FF00108BD4800687E
:1046700020F44070D4F894100843BA4908604FF40D
:104680000023D4E900011840002158404940084364
:1046900027D1D4F8A00030B1B0F5803F0AD0B0F5F2
:1046A000003F0FD10DE0002104F1080007F06CFB82
:1046B000054609E0022104F1280007F017FC054631
:1046C00002E001E0012500BF00BF4DB9A548006828
:1046D00020F44030D4F8A0100843A249086000E05C
:1046E000A8464FF48023D4E9000118400021584027
:1046F000494008432DD1D4F88400B0F5801F06D07E
:10470000B0F5001F0CD0B0F5401F11D10FE0954857
:104710002C38006840F4003092492C39086009E0D8
:10472000012104F1280007F0E1FB054602E001E069
:10473000012500BF00BF5DB98A48001F006820F452
:104740004010D4F8841008438649091F086000E02F
:10475000A8464FF48032D4E90001104000211346EE
:1047600058404940084325D1206D18B1B0F5803F2D
:1047700010D108E07B482C38006840F400307949BB
:104780002C39086008E0022104F1080007F0FCFA67
:10479000054601E0012500BF00BF55B971480C383E
:1047A000006820F48030216D08436E490C390860A0
:1047B00000E0A8464FF00053D4E900101940002053
:1047C00059404040014307D1022104F1280007F07D
:1047D0008DFB08B14FF001084FF40032D4E900011D
:1047E00010400021134658404940084327D1E06F4C
:1047F000A0B1B0F5807F06D0B0F5007F0CD0B0F549
:10480000407F0CD109E057482C38006840F4003054
:1048100054492C39086004E003E002E001E001257E
:1048200000BF00BF55B94F48001F006820F440701A
:10483000E16F08434B49091F086000E0A8464FF4A8
:104840008012D4E900101140002013465940404026
:10485000014309D143480838006820F00040216F27
:1048600008434049083908604FF40013D4E90001B7
:104870001840002158404940084309D139480838B8
:10488000006820F08070A16E08433649083908603E
:104890004FF08043D4E900101940002059404040B7
:1048A000014311D100BF2F484838006820F4004070
:1048B0002C494839086008460068D4F8B410084309
:1048C00028494839086000BF4FF00042D4E9000190
:1048D00010400021134658404940084309D121485F
:1048E0000C38006820F04050616D08431D490C39B8
:1048F00008604FF40002D4E9001011400020134674
:104900005940404001430AD11648001F006820F476
:104910004000D4F8881008431249091F086001229A
:1049200000216068104049405040014306D104F125
:10493000080007F029FA054605B1A8460222002121
:104940006068104049405040014307D1012104F103
:10495000080007F019FA054605B1A846042300200F
:10496000616801E058440258194004224040514017
:10497000084307D1022104F1080007F005FA0546B3
:1049800005B1A8460823002061681940082240406C
:104990005140084307D1002104F1280007F0A6FA8E
:1049A000054605B1A8461023002061681940102271
:1049B00040405140084307D1012104F1280007F08D
:1049C00095FA054605B1A8462022002160681040EE
:1049D00049405040014307D1022104F1280007F06B
:1049E00085FA054605B1A846B8F1000F02D10020AE
:1049F000BDE8F0810120FBE72DE9F04104460D46BA
:104A000014B90120BDE8F081BD48006800F00F0036
:104A1000A8420ED2BA48006820F00F002843B849D7
:104A200008600846006800F00F00A84201D001208D
:104A3000E8E7207800F0040004280ED1B14920698D
:104A4000096801F07001884207D9AE48006820F07B
:104A5000700021690843AB490860207800F0080025
:104A6000082811D1A749091D6069096801F0700182
:104A7000884209D9A348001D006820F070006169D0
:104A80000843A049091D0860207800F01000102894
:104A900011D19C49091DA069096801F4E0618842AF
:104AA00009D99848001D006820F4E060A169084316
:104AB0009449091D0860207800F02000202811D1B9
:104AC00090490831E069096801F07001884209D90C
:104AD0008C480830006820F07000E169084389497B
:104AE00008310860207800F0020002280ED18549C4
:104AF000E068096801F00F01884207D98148006821
:104B000020F00F00E16808437E490860207800F03B
:104B10000100002850D07B48006820F47060A16834
:104B20000843784908606068022807D1754818383A
:104B30000068C0F34040F8B9012063E760680328CB
:104B400007D1704818380068C0F34060A0B9012050
:104B500058E76068012807D16A4818380068C0F330
:104B6000002048B901204DE7664818380068C0F3B6
:104B7000800008B9012045E762480838006820F045
:104B80000700616808435F4908390860FEF778FD4F
:104B9000064608E0FEF774FD801B41F2883188422A
:104BA00001D903202EE757480838006800F0380084
:104BB0006168B0EBC10FEDD1207800F0020002284F
:104BC0000ED15049E068096801F00F01884207D210
:104BD0004C48006820F00F00E1680843494908602C
:104BE0004748006800F00F00A8420ED9444800680A
:104BF00020F00F002843424908600846006800F092
:104C00000F00A84201D00120FCE6207800F004004B
:104C100004280ED13B492069096801F070018842DF
:104C200007D23848006820F07000216908433549F0
:104C30000860207800F00800082811D13149091DCA
:104C40006069096801F07001884209D22D48001D91
:104C5000006820F07000616908432A49091D086056
:104C6000207800F01000102811D12649091DA069F4
:104C7000096801F4E061884209D22248001D0068F9
:104C800020F4E060A16908431E49091D08602078EE
:104C900000F02000202811D11A490831E069096884
:104CA00001F07001884209D216480830006820F0EF
:104CB0007000E169084313490831086000F076F894
:104CC00010490968C1F303210F4A515C01F01F012B
:104CD00020FA01F70B48006800F00F001146085C4D
:104CE00000F01F0027FA00F0084908600848076034
:104CF00008480068FEF706FD8046404682E6000050
:104D00000020005218440258DCCB00081400002494
:104D1000100000240800002410B500F047F80D49E9
:104D20000968C1F303210C4A515C01F01F0120FA0C
:104D300001F40848006800F00F001146085C00F01C
:104D40001F0024FA00F00549086005480460084681
:104D5000006810BD18440258DCCB00081400002481
:104D60001000002400B5FFF7D7FF05490968C1F31B
:104D70000211044A515C01F01F01C84000BD00004F
:104D80001C440258DCCB000800B5FFF7C5FF0549FD
:104D90000968C1F30221044A515C01F01F01C840B7
:104DA00000BD00001C440258DCCB0008F0B5824E68
:104DB000366806F0380636B1082E15D0102E15D0FC
:104DC000182E7DD114E07C4E103E3668C6F3401696
:104DD00046B1794E103E3668C6F3C107774E26FAC3
:104DE00007F000E07548E5E07548E3E07548E1E06C
:104DF000714E1836366806F003046F4E1836366862
:104E0000C6F305116C4E1C36366806F001056A4E75
:104E100024363668C6F3CC0616FB05F601EE106A9A
:104E2000B8EE410A002971D024B1012C50D0022CD7
:104E30006DD16DE0604E103E3668C6F340163EB34D
:104E40005D4E103E3668C6F3C1075C4E26FA07F386
:104E500001EE103AF8EE411A01EE101AB8EE411ABE
:104E600081EE812A9FED581AC0EE011A524E20366B
:104E70003668C6F3080601EE106AB8EE411A31EE44
:104E8000811AF7EE001A31EE211A62EE010A1EE0D5
:104E900001EE101AB8EE411ADFED4C1A81EE812AAC
:104EA0009FED491AC0EE011A434E20363668C6F30C
:104EB000080601EE106AB8EE411A31EE811A00E0E0
:104EC00076E0F7EE001A31EE211A62EE010A5BE09D
:104ED00001EE101AB8EE411A9FED3D2AC2EE011AFA
:104EE0009FED391A80EE012A334E20363668C6F31C
:104EF000080601EE106AB8EE411A32EE011AB7EE5A
:104F0000002A31EE021A61EE810A3DE04EE01DE01A
:104F100001EE101AB8EE411ADFED2E1A81EE812A49
:104F20009FED291AC0EE011A234E20363668C6F3CB
:104F3000080601EE106AB8EE411A31EE811AF7EE5A
:104F4000001A31EE211A62EE010A1DE001EE101A7C
:104F5000B8EE411A9FED1E2AC2EE011A9FED1A1AF1
:104F600080EE012A144E20363668C6F3080601EE9C
:104F7000106AB8EE411A32EE011AB7EE002A31EE8D
:104F8000021A61EE810A00BF00BF0B4E2036366860
:104F9000C6F34626721C01EE102AB8EE411AC0EE86
:104FA000811ABCEEE11A11EE100A00E0002001E0C7
:104FB000034800BF00BFF0BD104402580090D0036A
:104FC00000093D0000366E01000000460024744CCC
:104FD0000024744A001BB74B2DE9F047044614B96E
:104FE0000120BDE8F087207800F00100002870D093
:104FF000F948006800F03808F7481830D0F80090F9
:10500000B8F1100F06D0B8F1180F0FD109F0030056
:1050100002280BD1F04810380068C0F34040002847
:105020006AD06068002867D10120DAE700BF6068B5
:10503000B0F5803F08D1E8481038006840F480306F
:10504000E549103908602EE0606868B9E248103818
:10505000006820F48030E049103908600846006894
:1050600020F4802008601EE06068B0F5A02F0DD10C
:10507000D9481038006840F48020D74910390860BA
:105080000846006840F4803008600CE0D2481038D0
:10509000006820F48030D049103908600846006864
:1050A00020F48020086000BF606898B1FEF7E8FA3D
:1050B000054606E0FEF7E4FA401B642801D9032008
:1050C0008FE7C54810380068C0F340400028F1D091
:1050D00012E012E0FEF7D4FA054606E0FEF7D0FA39
:1050E000401B642801D903207BE7BB4810380068C7
:1050F000C0F340400028F1D100BF207800F002004A
:10510000022879D1B448006800F03808B248183055
:10511000D0F80090B8F1000F05D0B8F1180F35D1D4
:1051200009F0030088BBAC4810380068C0F3800069
:1051300018B1E06808B9012053E7A74810380068A3
:1051400020F01900E1680843A34910390860FEF710
:1051500097FA054606E0FEF793FA401B022801D9AC
:1051600003203EE79C4810380068C0F38000002808
:10517000F1D099480C38006820F0FE40217C40EACC
:10518000016095490C39086045E0FFE7E06838B3F5
:1051900091481038006820F01900E16808438E49F2
:1051A00010390860FEF76CFA054606E0FEF768FA6B
:1051B000401B022801D9032013E7874810380068F4
:1051C000C0F380000028F1D083480C38006820F03C
:1051D000FE40217C40EA01607F490C3908601AE0FA
:1051E0007D481038006820F001007B4910390860C4
:1051F000FEF746FA054607E00EE0FEF741FA401BCF
:10520000022801D90320ECE6734810380068C0F387
:1052100080000028F1D100BF207800F01000102895
:105220006FD16D48006800F038086B481830D0F82E
:105230000090B8F1080F06D0B8F1180F1CD109F092
:105240000300012818D1644810380068C0F300201A
:1052500020B1E069802801D00120C2E600BF5E488D
:10526000001F006820F07C5094F8201040EA016094
:105270005949091F086043E0E06938B356481038BF
:10528000006840F08000544910390860FEF7F8F9D2
:10529000054606E0FEF7F4F9401B022801D9032079
:1052A0009FE64D4810380068C0F300200028F1D078
:1052B00000BF4948001F006820F07C5094F820107F
:1052C00040EA01604449091F086019E0424810386B
:1052D000006820F08000404910390860FEF7D0F9DE
:1052E000054606E0FEF7CCF9401B022801D9032051
:1052F00077E6394810380068C0F300200028F1D163
:1053000000BF207800F00800082836D16069D0B1CD
:1053100031486430006840F001002F496431086072
:10532000FEF7AEF9054606E0FEF7AAF9401B022893
:1053300001D9032055E6284864300068C0F34000D6
:105340000028F1D019E024486430006820F0010002
:10535000214964310860FEF793F9054606E0FEF73F
:105360008FF9401B022801D903203AE61A4864301D
:105370000068C0F340000028F1D1207800F0200040
:10538000202838D1A069D0B113481038006840F403
:105390008050114910390860FEF772F9054606E0A1
:1053A000FEF76EF9401B022801D9032019E60A48CE
:1053B00010380068C0F340300028F1D01BE00648E8
:1053C0001038006820F48050034910390860FEF757
:1053D00057F9054609E0000010440258FEF750F95D
:1053E000401B022801D90320FBE5D0480068C0F328
:1053F00040300028F2D1207800F0040004287DD14C
:10540000CB48006840F48070C9490860FEF738F95D
:10541000054606E0FEF734F9401B642801D9032055
:10542000DFE5C348006800F480700028F2D000BFB8
:10543000A068012808D1BD487030006840F0010024
:10544000BA49703108602DE0A06868B9B74870307B
:10545000006820F00100B549703108600846006816
:1054600020F0040008601DE0A06805280DD1AF48B9
:105470007030006840F00400AC49703108600846A4
:10548000006840F0010008600CE0A8487030006837
:1054900020F00100A549703108600846006820F03E
:1054A0000400086000BFA068A0B1FEF7E9F8054657
:1054B00008E0FEF7E5F8401B41F28831884201D947
:1054C00003208EE5994870300068C0F34000002842
:1054D000EFD013E0FEF7D4F8054608E0FEF7D0F869
:1054E000401B41F28831884201D9032079E58F4879
:1054F00070300068C0F340000028EFD1606A0028D7
:105500007DD08A481030006800F03800182877D025
:10551000606A022875D18548006820F08070834950
:105520000860FEF7ADF8054606E0FEF7A9F8401B57
:10553000022801D9032054E57C480068C0F340608C
:105540000028F2D100BFD4E90A1041EA00107749DF
:105550002831096840F2F3329143084373492831F6
:105560000860208E401EC0F30800616B491E4FF496
:105570007E4202EA41210843218F491ED20102EAFC
:10558000014108433C21095D491E120202EA016102
:10559000084366493031086000BF081F006820F0EA
:1055A0000100091F08606148343000684FF6F87147
:1055B0008843A16C40EAC1005C49343108605B4813
:1055C0002C30006820F00C00216C084357492C3126
:1055D00008600846006820F00200616C08435349E7
:1055E0002C3108600846006840F4803008600846A6
:1055F000006840F4003008600846006802E092E06D
:1056000038E01FE040F4802008600846006840F061
:10561000010008604548006840F080704349086018
:10562000FEF72EF8054606E0FEF72AF8401B022892
:1056300001D90320D5E43D480068C0F3406000284C
:10564000F2D070E03948006820F080703749086077
:10565000FEF716F8054606E0FEF712F8401B022892
:1056600001D90320BDE431480068C0F34060002840
:10567000F2D158E02D48283007682C4830300668B1
:10568000606A012821D007F00301A06A81421CD181
:10569000C7F30511E06A884217D1C6F30801206BF1
:1056A000401E814211D1606B401EC6F346218842E4
:1056B0000BD1A06B401EC6F30641884205D1E06BBA
:1056C000401EC6F30661884201D0012089E41748D4
:1056D00034300068C0F3CC07A06CB84223D0134824
:1056E0002C30006820F0010010492C310860FDF7D3
:1056F000C7FF054600BFFDF7C3FF401BFBD00B48AB
:10570000343000684FF6F8718843A16C40EAC1005C
:1057100006493431086005482C30006840F001002B
:1057200002492C31086000205BE40000004402586C
:105730000048025870B504462546681EB0F1807FC7
:1057400001D301200FE0681E4FF0E02148610F21D6
:105750004FF0FF3006F0FCFA00204FF0E0218861A6
:1057600007200861002070BD704770477047000037
:1057700030B502460B4600BF92F83C00012801D12B
:10578000022030BD012082F83C0000BF022082F8D8
:105790003D001068416810688468254D1068A84273
:1057A00003D0244D1068A84203D121F47001586839
:1057B000014321F0700118680143106841601C4DDD
:1057C0001068A84223D01068B0F1804F1FD01A4D46
:1057D0001068A8421BD0194D1068A84217D0184D68
:1057E0001068A84213D0134D1068A8420FD0154D71
:1057F0001068A8420BD0144D1068A84207D0134D72
:105800001068A84203D0124D1068A84205D124F0B8
:1058100080049868044310688460012082F83D0089
:1058200000BF002082F83C0000BF00BFA9E70000D5
:105830000000014000040140000400400008004056
:10584000000C0040001800400040014000E0004013
:1058500000E4004010B504460CB9012010BD94F8D6
:105860003D0028B9002084F83C00204600F02AF8CA
:10587000022084F83D00211D206801F053FF012023
:1058800084F8480000BF84F83E0001213F20015504
:10589000402001554120015542200155432001552A
:1058A00000BF00BF012084F8440045200155462078
:1058B00001554720015500BF012084F83D0000201C
:1058C000CCE7000038B504461A492068884216D152
:1058D00000BF1948006840F00400174908600846F6
:1058E000006800F00400009000BF00BF00221146D5
:1058F0001E20FDF759FF1E20FDF742FF19E00F495A
:105900002068884215D100BF0B48006840F00800AD
:10591000094908600846006800F00800009000BFD0
:1059200000BF002211463220FDF73EFF3220FDF776
:1059300027FF38BD00080040E8440258000C004032
:10594000014691F83D00012801D001207047022056
:1059500081F83D000868C06840F001000B68D8601D
:10596000204B0868984223D00868B0F1804F1FD0C0
:105970001D4B086898421BD01C4B0868984217D0F2
:105980001B4B0868984213D01A4B086898420FD0F6
:10599000194B086898420BD0184B0868984207D0FA
:1059A000174B0868984203D0164B0868984210D1EC
:1059B00008688068144B00EA0302062A0FD0B2F58B
:1059C000803F0CD00868006840F001000B68186048
:1059D00005E00868006840F001000B6818600020CE
:1059E000B4E700000000014000040040000800404F
:1059F000000C00400004014000180040004001403D
:105A000000E0004000E40040070001002DE9F04103
:105A100004460D46002700BF94F83C00012802D13F
:105A20000220BDE8F081012084F83C0000BF022084
:105A300084F83D00206886684048064026F47F468A
:105A4000206886602868702826D00CDC00F00F01E2
:105A5000002966D10011072863D2DFE800F055560F
:105A600057584B374100B0F1101F52D009DCB0F548
:105A7000805F10D0B0F5005F1BD0B0F5801F50D113
:105A800046E0A0F580102038002843D0102842D0EE
:105A9000202846D140E046E0D5E902136A68206834
:105AA00001F0C9FE2068866846F0770620688660A7
:105AB00039E0D5E902136A68206801F0BCFE20686D
:105AC000806840F48040216888602CE0EA6869685A
:105AD000206805F089FE5021206805F079FE22E05B
:105AE000EA686968206805F092FE6021206805F088
:105AF0006FFE18E0EA686968206805F075FE4021CD
:105B0000206805F065FE0EE000BF00BF00BF00BFCB
:105B100000BF00BF00BF00BF2968206805F058FE25
:105B200001E0012700BF00BF012084F83D0000BF55
:105B3000002084F83C0000BF384672E788FFCEFFA3
:105B4000704770B504462068C6682068056905F08E
:105B50000200022819D106F00200022815D1401FC8
:105B600021680861012020772068806900F0030027
:105B700018B12046FFF7E4FF05E0204600F0FEF8EC
:105B8000204600F017FA0020207705F004000428D2
:105B900019D106F00400042815D1C043216808611A
:105BA000022020772068806900F4407018B12046F8
:105BB000FFF7C6FF05E0204600F0E0F8204600F0C1
:105BC000F9F90020207705F00800082819D106F01F
:105BD0000800082815D1C0432168086104202077F7
:105BE0002068C06900F0030018B12046FFF7A8FF45
:105BF00005E0204600F0C2F8204600F0DBF9002066
:105C0000207705F01000102819D106F01000102898
:105C100015D1C04321680861082020772068C06939
:105C200000F4407018B12046FFF78AFF05E02046D7
:105C300000F0A4F8204600F0BDF90020207705F020
:105C4000010048B106F0010030B16FF00100216899
:105C50000861204600F06EFA05F08000802804D02C
:105C600005F40050B0F5005F0AD106F080008028EE
:105C700006D16FF40250216808612046FFF775FDD8
:105C800005F48070B0F5807F0AD106F0800080288E
:105C900006D16FF48070216808612046FFF764FD2B
:105CA00005F04000402809D106F04000402805D109
:105CB000C04321680861204600F03CFB05F020004D
:105CC000202809D106F02000202805D1C0432168F2
:105CD00008612046FFF74AFD70BD000010B586B090
:105CE0000446142101A8FAF761FC20492068884283
:105CF0001AD100BF1E48006840F002001C4908602D
:105D00000846006800F00200009000BF00BF0220BB
:105D1000019002900020039004900220059001A9B8
:105D20001448FDF7A7FB1FE01349206888421BD1E8
:105D300000BF0F48006840F002000D4908600846A7
:105D4000006800F00200009000BF00BF4FF4004068
:105D50000190022002900020039004900220059000
:105D600001A90448FDF786FB06B010BD0004004001
:105D7000E0440258000402580018004070472DE922
:105D8000F04104460D461646002700BF94F83C003B
:105D9000012802D10220BDE8F081012084F83C00F6
:105DA00000BF0C2E51D005DC4EB1042E1ED0082EA3
:105DB0007AD133E0102E60D0142EF9D175E0294647
:105DC000206805F0ABFB2068806940F0080021687E
:105DD00088612068806920F004002168886120685B
:105DE0008069296908432168886178E0294620682C
:105DF00001F02CFD2068806940F400602168886112
:105E00002068806920F4806021688861206880694A
:105E1000296940EA01202168886160E029462068FC
:105E200005F0D2FB2068C06940F008002168C86115
:105E30002068C06920F004002168C8612068C0693A
:105E4000296908432168C86149E02946206805F0AE
:105E500015FC2068C06940F400602168C8612068B2
:105E6000C06920F480602168C8612068C069296920
:105E700040EA01202168C86131E02946206805F028
:105E800037FC2068406D40F00800216848652068B4
:105E9000406D20F00400216848652068406D296944
:105EA0000843216848651AE017E02946206805F094
:105EB00057FC2068406D40F4006021684865206808
:105EC000406D20F48060216848652068406D296934
:105ED00040EA01202168486501E0012700BF00BFBA
:105EE00000BF002084F83C0000BF384653E710B5DF
:105EF00004460CB9012010BD94F83D0028B90020DB
:105F000084F83C00204600F029F8022084F83D0087
:105F1000211D206801F006FC012084F8480000BF24
:105F200084F83E0001213F200155402001554120C9
:105F30000155422001554320015500BF00BF0120FB
:105F400084F844004520015546200155472001555D
:105F500000BF012084F83D000020CCE708B5124ABC
:105F6000016891420DD100BF1049096841F002015A
:105F70000E4A11601146096801F00201009100BF4C
:105F800011E00B4A016891420DD100BF0749096831
:105F900041F04001054A11601146096801F04001D5
:105FA000009100BF00BF08BD00040040E844025853
:105FB000001800407047000070B504460D4615B942
:105FC00094F83E0015E0042D02D13F20005D10E062
:105FD000082D02D14020005D0BE00C2D02D14120A4
:105FE000005D06E0102D02D14220005D01E043205B
:105FF000005D012801D0012070BD1DB9022084F888
:106000003E001AE0042D03D102213F20015514E087
:10601000082D03D10221402001550EE00C2D03D1A3
:1060200002214120015508E0102D03D10221422018
:10603000015502E002214320015501222946206832
:1060400001F0E8FB2F49206888420FD02E492068D4
:1060500088420BD02D492068884207D02C492068FF
:10606000884203D02B492068884201D1012000E0FA
:10607000002028B12068406C40F40040216848644A
:1060800020492068884223D02068B0F1804F1FD07B
:106090002149206888421BD020492068884217D0B7
:1060A0001F492068884213D01749206888420FD0C2
:1060B0001C49206888420BD014492068884207D0C8
:1060C00019492068884203D018492068884210D1B5
:1060D00020688068164900EA0106062E0FD0B6F542
:1060E000803F0CD02068006840F001002168086003
:1060F00005E02068006840F0010021680860002089
:106100007AE7000000000140000401400040014027
:1061100000440140004801400004004000080040E5
:10612000000C00400018004000E0004000E4004087
:106130000700010010B504465E48007800B910BDA4
:106140005D492068884207D15C484068002802D039
:106150005A4948688047ABE02068B0F1804F07D1CA
:10616000574840680028F6D05549486880479FE066
:1061700054492068884207D1534840680028EAD033
:1061800051494868804793E050492068884207D1C8
:106190004F4840680028DED04D494868804787E076
:1061A0004C492068884207D14B48406800287FD07E
:1061B0004949486880477BE048492068884207D1C0
:1061C00047484068002873D04549486880476FE0D9
:1061D00044492068884207D143484068002867D076
:1061E00041494868804763E040492068884207D1B8
:1061F0003F48406800285BD03D494868804757E0E9
:106200003C492068884207D13B48406800284FD06D
:106210003949486880474BE038492068884206D1B0
:106220003748406818B336494868804740E03549E8
:106230002068884206D134484068C0B13249486875
:10624000804735E031492068884206D130484068AF
:1062500068B12F49486880472AE02E492068884263
:1062600006D12D48406810B12B49486880471FE08F
:106270002A492068884206D129484068C0B1284987
:106280004868804714E027492068884206D126489C
:10629000406868B124494868804709E0234920687C
:1062A000884205D12248406810B12149486880479A
:1062B00000BF44E7AC0100240000014018000024A6
:1062C00020000024000400402800002400080040B2
:1062D00030000024000C0040380000240010004072
:1062E0004000002400140040480000240004014045
:1062F000500000240018004058000024001C0040FA
:10630000600000240020004068000024004001409C
:10631000700000240044014078000024004801403F
:106320008000002400E000408800002400E40040D9
:10633000900000247047014600BF91F884000128B6
:1063400001D102207047012081F8840000BF242081
:10635000C1F88800086802680868006820F0010039
:106360000B68186022F0005200204866086802603E
:106370002020C1F8880000BF002081F8840000BF01
:1063800000BFDFE72DE9F04104460E461746D4F87A
:106390008C00202825D106B117B90120BDE8F08175
:1063A0000120E066002020673A463146204601F091
:1063B00021FF05469DB9E06E01280FD1102021680C
:1063C000086200BF00BF216851E8001F41F01000C3
:1063D000226842E800010029F5D100E001252846A5
:1063E000DCE70220DAE7000070B504460D46784984
:1063F0002068884213D17748D0F8080230B1754838
:106400002946D0F8082200F5827090477148B0F80C
:10641000042200F582712046FFF7B4FFD6E06E49F2
:106420002068884213D16D48D0F8080230B16B481B
:106430002946D0F8082200F5827090476748B0F8E6
:10644000042200F582712046FFF79CFFBEE06449FC
:106450002068884213D16348D0F8080230B16148FF
:106460002946D0F8082200F5827090475D48B0F8C0
:10647000042200F582712046FFF784FFA6E05A4906
:106480002068884213D15948D0F8080230B15748E3
:106490002946D0F8082200F5827090475348B0F89A
:1064A000042200F582712046FFF76CFF8EE0504910
:1064B0002068884213D14F48D0F8080230B14D48C7
:1064C0002946D0F8082200F5827090474948B0F874
:1064D000042200F582712046FFF754FF76E046491A
:1064E0002068884213D14548D0F8080230B14348AB
:1064F0002946D0F8082200F5827090473F48B0F84E
:10650000042200F582712046FFF73CFF5EE03C4923
:106510002068884213D13B48D0F8080230B139488E
:106520002946D0F8082200F5827090473548B0F827
:10653000042200F582712046FFF724FF46E032492D
:106540002068884213D13148D0F8080230B12F4872
:106550002946D0F8082200F5827090472B48B0F801
:10656000042200F582712046FFF70CFF2EE0284937
:106570002068884213D12748D0F8080230B1254856
:106580002946D0F8082200F5827090472148B0F8DB
:10659000042200F582712046FFF7F4FE16E01E4942
:1065A0002068884212D11D48D0F8080230B11B483B
:1065B0002946D0F8082200F5827090471748B0F8B5
:1065C000042200F582712046FFF7DCFE70BD00005A
:1065D000001001408809002400440040940B00246E
:1065E00000480040A00D0024004C0040AC0F0024E7
:1065F00000500040B811002400140140C4130024CE
:1066000000780040D0150024007C0040DC170024F6
:1066100000180140E8190024001C0140F41B00246C
:10662000704770B504460D4600BF94F884000128F9
:1066300001D1022070BD012084F8840000BF242015
:10664000C4F88800206806682068006820F001000F
:10665000216808602068806820F060602843216815
:106660008860204605F0F4FC206806602020C4F80D
:10667000880000BF002084F8840000BF00BFD9E775
:1066800070B504460D4600BF94F88400012801D17E
:10669000022070BD012084F8840000BF2420C4F8CB
:1066A0008800206806682068006820F001002168E2
:1066B00008602068806820F0604028432168886076
:1066C000204605F0C5FC206806602020C4F888003C
:1066D00000BF002084F8840000BF00BFD9E77047E6
:1066E000704770472DE9F04704462068C569206867
:1066F00006682068876840F60F0005EA0009B9F1CE
:10670000000F0FD105F0200060B106F0200010B995
:1067100007F0805030B1606F10B12046616F88473C
:10672000BDE8F087B9F1000F7ED0FE48384018B9B7
:10673000FD4830400028F7D005F0010058B106F4BC
:10674000807040B1012021680862D4F8900040F0C8
:106750000100C4F8900005F0020058B107F00100F4
:1067600040B1022021680862D4F8900040F0040093
:10677000C4F8900005F0040058B107F0010040B1E2
:10678000042021680862D4F8900040F00200C4F8A8
:10679000900005F0080070B106F0200010B9E14843
:1067A000384040B1082021680862D4F8900040F0D9
:1067B0000800C4F8900005F4006060B106F0806045
:1067C00048B14FF4006021680862D4F8900040F0AE
:1067D0002000C4F89000D4F89000002852D005F0B2
:1067E000200050B106F0200010B907F0805020B111
:1067F000606F10B12046616F8847D4F890A0206880
:10680000806800F04000402802D00AF0280070B3F1
:10681000204605F053F82068806800F040004028CA
:1068200026D100BF00BF00E02DE02168083151E80B
:10683000001F21F040002168083141E80002002AD1
:10684000F1D100BFD4F8800068B1B848D4F8801006
:106850000865D4F88000FAF77BFA98B1D4F8800084
:10686000016D88470EE02046FFF73BFF0AE003E09A
:106870002046FFF736FF05E02046FFF732FF0020F5
:10688000C4F890004CE7E06E01287DD105F01000BF
:10689000002879D006F010000028FAD010202168D6
:1068A00008622068806800F0400040286DD1D4F86C
:1068B000800000689E4988426BD0D4F88000006850
:1068C0009B491831884264D0D4F880000068984908
:1068D000303188425DD0D4F8800000689449483156
:1068E000884256D0D4F880000068914960318842CF
:1068F0004FD0D4F8800000688D497831884248D064
:10690000D4F8800000688A499031884241D0D4F898
:10691000800000688649A83188423AD0D4F88000C7
:1069200000688449884234D0D4F8800000688149E6
:10693000183188422DD0D4F8800000687D4930316C
:10694000884226D0D4F8800000687A4948318842CD
:106950001FD0D4F88000006876496031884218D092
:10696000D4F88000006873497831884211D0D4F897
:10697000800000686F49903188420AD0D4F88000C6
:1069800000686C49A83102E0AEE069E001E08842AD
:1069900004D1D4F880000068406803E0D4F8800097
:1069A000006840681FFA80F8B8F1000F57D0B4F8BB
:1069B0005C00404553DDA4F85E80D4F88000C069D7
:1069C000B0F5807F40D000BF00BF216851E8001FB4
:1069D00021F48070226842E800010029F5D100BF4F
:1069E00000BF00BF2168083151E8001F21F00100FD
:1069F0002168083141E80002002AF3D100BF00BF3E
:106A000000BF2168083151E8001F21F040002168D3
:106A1000083141E80002002AF3D100BF2020C4F869
:106A20008C000020E06600BF00BF216851E8001F15
:106A300021F01000226842E800010029F5D100BFD2
:106A4000D4F88000F9F716FF02202067B4F85C0044
:106A5000B4F85E20801A81B22046FFF7C5FC5FE6DD
:106A600034F85C0F6188401A1FFA80F860885C3C3B
:106A7000C8B3B8F1000F36D000BF00BF216851E89D
:106A8000001F21F49070226842E800010029F5D12E
:106A900000BF00BF00BF2168083151E8001F214A34
:106AA000D24301EA02002168083141E80002002ACD
:106AB000F1D100BF2020C4F88C000020E0666067A0
:106AC00000BF00BF216851E8001F21F010002268BC
:106AD00042E800010029F5D100BF022020674146AD
:106AE0002046FFF781FC1BE605F4801050B107F447
:106AF000800038B14FF48010216808622046FFF70B
:106B0000EFFD0DE605F08000B0B106F0800010B991
:106B100007F4000080B1A06F10B12046A16F884734
:106B2000FEE50000010000102001000447BA000843
:106B3000100002401004024005F0400030B106F0A1
:106B4000400018B1204604F066FFE9E505F40000B6
:106B500030B106F0804018B12046FFF7C0FDDFE5F8
:106B600005F0807030B106F0004018B12046FFF704
:106B700057FDD5E500BFD3E510B504460CB901209B
:106B800010BDA06900B100E000BFD4F8880028B9AA
:106B9000002084F88400204600F02AF82420C4F85D
:106BA00088002068006820F0010021680860A06A61
:106BB00010B1204600F018FF204601F007F8012828
:106BC00000D1DDE72068406820F4904021684860EB
:106BD0002068806820F02A002168886020680068AA
:106BE00040F0010021680860204600F079FFC7E707
:106BF00010B5B6B00446142130A8F9F7D7FCB82177
:106C000002A8F9F7D3FCC949206888427CD1022147
:106C10000020CDE902101F9002A8FDF789F808B105
:106C2000F9F715FE00BFC248006840F48010C04963
:106C300008600846006800F48010019000BF00BFA3
:106C400000BFBB480838006840F00200B849083966
:106C500008600846006800F00200019000BF00BF15
:106C600000BF0846006840F0080008600846006859
:106C700000F00800019000BF00BF4FF400503090BA
:106C8000022031900020329033900E20349030A9B1
:106C9000A848FCF7EFFB0420309002203190002040
:106CA000329033900820349030A9A348FCF7E2FBDF
:106CB000A248A3490860412048600021A0488160A3
:106CC000C1604FF4806101610021416181614FF435
:106CD0008071C1614FF44031016200214162FAF7D5
:106CE0007FFF08B1F9F7B3FD00BF9548C4F88000F5
:106CF000846300BF002211463520FCF755FD352086
:106D0000FCF73EFD0FE1FFE78E49206888427DD108
:106D100001210020CDE90210209002A8FDF708F81B
:106D200008B1F9F794FD00BF81480830006840F0D1
:106D300010007F49083108600846006800F0100024
:106D4000019000BF00BF00BF79480838006840F0DC
:106D500001007749083908600846006800F0010022
:106D6000019000BF00BF4FF4C0603090022031900E
:106D70000020329033900720349030A97248FCF7FD
:106D800079FB7248724908602920486000217048E8
:106D90008160C1604FF480610161002141618161C6
:106DA000C16101624162FAF71BFF08B1F9F74FFDBB
:106DB00000BF6748C4F88000846300BF6348183090
:106DC000644908602A2048604021624881600021AF
:106DD000C1604FF480610161002141618161C16145
:106DE00001624162FAF7FCFE08B1F9F730FD00BF1D
:106DF0005848E067846300BF002211462520FCF755
:106E0000D3FC2520FCF7BCFC8DE0FFE7524920684D
:106E10008842F9D101210020CDE90210209002A87A
:106E2000FCF786FF08B1F9F712FD00BF40480830B3
:106E3000006840F080003E4908310860084600685C
:106E400000F08000019000BF00BF00BF3848083844
:106E5000006840F0100036490839086008460068AC
:106E600000F01000019000BF00BF0420309002200D
:106E700031900020329033900420349030A937486C
:106E8000FCF7F8FA08203090022031900020329070
:106E900033900B20349030A93048FCF7EBFA2B48A4
:106EA00030302F4908607620486000212C488160EE
:106EB000C1604FF480610161002141618161C16164
:106EC00001624162FAF78CFE08B1F9F7C0FC00BF1D
:106ED0002348C4F88000846300BF1C48483021491F
:106EE00008607720486040211E4881600021C16011
:106EF0004FF480610161002141618161C1610162E2
:106F00004162FAF76DFE08B1F9F7A1FC00BF154820
:106F1000E067846300BF002211469C20FCF744FC1C
:106F20009C20FCF72DFC36B010BD00000050004046
:106F3000E844025800040258000C025810040240B1
:106F4000880600240010014000000258280002407A
:106F50000007002478070024001C0140001002589C
:106F6000F00700246808002470477047704700BF8E
:106F7000FEE7000008B500BF2148006840F00100AE
:106F80001F4908600846006800F00100009000BF3B
:106F900000BF00BF0846006840F0020008600846D5
:106FA000006800F00200009000BF00BF0022114600
:106FB0000C20FCF7F9FB0C20FCF7E2FB0022114649
:106FC0000D20FCF7F1FB0D20FCF7DAFB0022114647
:106FD0000E20FCF7E9FB0E20FCF7D2FB0022114645
:106FE0000F20FCF7E1FB0F20FCF7CAFB0022114643
:106FF0003820FCF7D9FB3820FCF7C2FB08BD0000A5
:10700000D844025810B52048204908600020886004
:1070100000211E48C1600121017400214174012139
:107020008174032141610A2181611D21C1610A210D
:107030000162032141620A2181621D21C1620A218C
:10704000016340F2A4614163032181630421C163B0
:107050000821016404214164082181640421C16480
:10706000002101650421416500218165C165202160
:1070700001660021416604218166FBF733FE08B1F9
:10708000F9F7E5FB10BD000000A00040BC010024A2
:1070900010B52048204908600020886000211E4863
:1070A000C160012101740021417401218174032117
:1070B00041610A2181611D21C1610A21016203210F
:1070C00041620A2181621D21C1620A21016340F2ED
:1070D000A4614163032181630421C1630821016428
:1070E00004214164082181640421C16400210165F7
:1070F0000421416500218165C165202101660021CF
:10710000416604218166FBF7EDFD08B1F9F79FFBAD
:1071100010BD000000A400405C02002410B520480F
:10712000204908600020886000211E48C1600121BC
:1071300001740021417401218174032141610A21FC
:1071400081611D21C1610A210162032141620A217D
:1071500081621D21C1620A21016340F2A461416381
:10716000032181630421C163082101640421416476
:10717000082181640421C164002101650421416565
:1071800000218165C165202101660021416604213D
:107190008166FBF7A7FD08B1F9F759FB10BD0000A8
:1071A00000D40040FC02002400B587B0142102A8DE
:1071B000F9F7FCF900BF4A48006840F01000484960
:1071C00008600846006800F01000019000BF00BF92
:1071D00000BF0846006840F00400086008460068E8
:1071E00000F00400019000BF00BF00BF0846006827
:1071F00040F0800008600846006800F080000190C0
:1072000000BF00BF00BF0846006840F002000860F1
:107210000846006800F00200019000BF00BF00BFF8
:107220000846006840F0080008600846006800F062
:107230000800019000BF00BF00BF0846006840F092
:10724000010008600846006800F00100019000BFDE
:1072500000BF00224FF420412248FCF70BFA012224
:1072600091032048FCF706FA4FF4C0400290012039
:107270000390022004900020059002A91948FCF711
:10728000F9F84FF400400290012003900490002090
:10729000059002A91348FCF7EDF84FF480400290E6
:1072A0004FF4041003900120049002A90E48FCF74B
:1072B000E1F84FF4E05002904FF4041003900120E5
:1072C000049002A90748FCF7D5F8002211462820AF
:1072D000FCF76AFA2820FCF753FA07B000BD00005B
:1072E000E0440258000802580010025800B58BB064
:1072F0000020089009900A901C2101A8F9F756F97E
:10730000184819490860EF2048600021164881603C
:1073100040F2E731C1600021016180218161FEF707
:10732000E6FD08B1F9F793FA002008900A9008A941
:107330000D48FEF71DFA08B1F9F789FA60200190AF
:107340000020029003900590042201A90648FEF750
:1073500016FD08B1F9F77BFA0348FEF7BFFC0BB046
:1073600000BD0000001800408004002400B58BB070
:107370000020089009900A901C2101A8F9F716F93D
:1073800017481849086000204860002115488160AE
:10739000FF21C160002101618161FEF7A8FD08B1F4
:1073A000F9F755FA002008900A9008A90D48FEF751
:1073B000DFF908B1F9F74BFA602001900020029044
:1073C0000390042005900C2201A90648FEF7D7FC83
:1073D00008B1F9F73CFA0348FEF780FC0BB000BD9A
:1073E000000400409C03002400B587B000200390F7
:1073F0000490059006900090019002901348144963
:107400000860EF2048600021114881606321C1605D
:10741000002101618161FEF71DFA08B1F9F717FA41
:107420004FF48050039003A90948FEF7EFFA08B122
:10743000F9F70DFA00200090029069460448FEF723
:1074400097F908B1F9F703FA07B000BD000800404A
:10745000E803002400B587B0002003900490059055
:107460000690009001900290144815490860EF20A2
:10747000486000211248816040F2E731C16000217C
:1074800001618161FEF7E6F908B1F9F7E0F94FF41F
:107490008050039003A90A48FEF7B8FA08B1F9F73B
:1074A000D6F900200090029069460548FEF760F981
:1074B00008B1F9F7CCF907B000BD0000000C00409E
:1074C0003404002410B51948194908601948486067
:1074D0004FF48051164881604900C160C9100161B4
:1074E0000421416100218161C1610162416200208A
:1074F0000F4988620846FFF73FFB08B1F9F7A7F983
:1075000000210B48FFF7BCF808B1F9F7A0F90021FA
:107510000748FFF786F808B1F9F799F90448FEF72C
:107520000AFF08B1F9F793F910BD000000500040C0
:10753000CC040024A086010010B518481849086042
:107540004FF416504860002115488160C160016108
:107550000C21416100218161C16101624162002011
:107560000F4988620846FFF707FB08B1F9F76FF982
:1075700000210B48FFF784F808B1F9F768F90021FA
:107580000748FFF74EF808B1F9F761F90448FEF72C
:10759000D2FE08B1F9F75BF910BD0000001C0140F4
:1075A000F405002410B51848184908604FF4E1307C
:1075B0004860002115488160C16001610C21416172
:1075C00000218161C1610162416200200F4988622E
:1075D0000846FFF7D1FA08B1F9F739F900210B484D
:1075E000FFF74EF808B1F9F732F900210748FFF725
:1075F00018F808B1F9F72BF90448FEF79CFE08B11A
:10760000F9F725F910BD00000010014060050024C5
:1076100000BFFEE700BFFEE77047704710B5FCF7FC
:1076200035F810BD2F48006840F470002D490860FF
:107630002D48006800F00F00072806D22A4800688D
:1076400020F00F00C01D284908602848006840F05D
:1076500001002649086000202449103108602348B1
:10766000006823490840214908601F48006800F06D
:107670000F00072806D91C48006820F00F00C01D25
:10768000194908600020194918310860091D08606F
:10769000091D086017481549283108601648091D5A
:1076A00008601648091D08600020091D086013487D
:1076B000091D08600020091D08601048091D0860A8
:1076C0000020091D08600948006820F4802007494F
:1076D0000860002005496031086043F2D200084983
:1076E0000860704788ED00E0002000520044025816
:1076F0007FEDF6EA000202020000FF0180020101B4
:107700000040005210B50248FEF71BFA10BD000001
:10771000E803002410B50248FEF713FA10BD00007C
:107720003404002410B50268304B98420ED0B0F1FA
:10773000804F0BD02E4B984208D02E4B984205D04C
:107740002D4B984202D02D4B984203D122F070026B
:107750004B681A43254B98421DD0B0F1804F1AD088
:10776000234B984217D0234B984214D0224B984277
:1077700011D0224B98420ED0214B98420BD0214B76
:10778000984208D0204B984205D0204B984202D016
:107790001F4B984203D122F44072CB681A4322F067
:1077A00080034C6943EA040202608B68C3620B6881
:1077B00083620E4B98420BD0104B984208D0104B6E
:1077C000984205D00F4B984202D00F4B984201D1FE
:1077D0000B69036301234361036903F001031BB1D8
:1077E000036923F00103036110BD000000000140A4
:1077F0000004004000080040000C0040000401406C
:1078000000400140004401400048014000E00040C9
:1078100000E4004030B501F01F05012404FA05F32F
:10782000046A9C430462046A01F01F0502FA05F52C
:107830002C43046230BD30B50C46816821F47F4191
:1078400042EA032525432943816030BD30B5026AF1
:10785000056A25F01005056243688469224D2C40B5
:1078600024F440740D6844EA052422F020028D6857
:1078700042EA05121D4DA84200D10FE01C4DA8425E
:1078800000D10BE01B4DA84200D100BF1A4DA84209
:1078900000D100BF194DA84207D106E022F08002B6
:1078A000CD6842EA051222F04002104DA8420BD0EA
:1078B0000F4DA84208D00F4DA84205D00E4DA8424A
:1078C00002D00E4DA84209D123F4806323F4006353
:1078D0004D6943EA85038D6943EA8503436084610A
:1078E0004D688563026230BDFF8FFFFE00000140DE
:1078F00000040140004001400044014000480140B4
:1079000010B501F0FFF9DFED210A9FED200A0420F8
:1079100001F0CCF91E491F4800F07AFD1E491F48AE
:1079200000F076FD24221E491E4801F0C9FA1E49C6
:107930001E4801F007FA1E491E4801F003FA9FEDA8
:107940001E0A1E4801F040FF1D494FF4806000F000
:10795000D1FD1C494FF4006000F0CCFD1A494FF4F2
:10796000805000F0C7FD19494FF4804000F0C2FD7F
:107970000E48FDF7E5FF0F48FDF7E2FF012014492F
:1079800008704FF4FA60FAF7A5FD10BD0000000082
:107990007D8A0008BC010024DD8A00085C02002406
:1079A000AD890008CC040024B58B0008E80300244E
:1079B000198A0008340400248FC2F53C0C1E0024F0
:1079C000D9890008E9890008F9890008098A0008AE
:1079D000AC0100247047000010B50248FEF782FE9B
:1079E00010BD0000CC04002490F8281001F008011C
:1079F000082907D10168496821F40041826B1143CD
:107A00000268516090F8281001F0010139B1016855
:107A1000496821F40031C26A11430268516090F84C
:107A2000281001F00201022907D10168496821F4F8
:107A30008031026B11430268516090F8281001F008
:107A40000401042907D10168496821F48021426BAF
:107A500011430268516090F8281001F010011029BC
:107A600007D10168896821F48051C26B1143026813
:107A7000916090F8281001F02001202907D10168B9
:107A8000896821F40051026C11430268916090F8FA
:107A9000281001F04001402913D10168496821F400
:107AA0008011426C114302685160416CB1F5801F36
:107AB00007D10168496821F4C001826C1143026852
:107AC000516090F8281001F08001802907D10168E9
:107AD000496821F40021C26C11430268516070476B
:107AE00038B504460020C4F89000FBF7C9FD0546F0
:107AF0002068006800F00800082821D16FF07E405F
:107B00002B4600224FF400110090204600F0D6FBD7
:107B1000B0B100BF00BF216851E8001F21F0800014
:107B2000226842E800010029F5D100BF2020C4F8F6
:107B3000880000BF002084F8840000BF032038BD07
:107B40002068006800F00400042830D16FF07E4007
:107B50002B4600224FF480010090204600F0AEFB3F
:107B600028B300BF00BF216851E8001F21F49070C6
:107B7000226842E800010029F5D100BF00BF00BF24
:107B80002168083151E8001F21F001002168083107
:107B900041E80002002AF3D100BF2020C4F88C0085
:107BA00000BF002084F8840000BF0320C7E7202026
:107BB000C4F88800C4F88C000020E066206700BF8D
:107BC00084F8840000BF00BFB9E700002DE9F04F42
:107BD00089B0054600200890F8492868884200D1FD
:107BE00000E000BF2969A868084369690843E9699A
:107BF00040EA010828680068F149084040EA0800A6
:107C0000296808602868406820F44050E968084303
:107C100029684860D5F81880E8492868884202D069
:107C2000286A40EA080828688068E649084040EA6F
:107C30000800296888602868C06A20F00F00696A17
:107C400008432968C86200BFDF492868884220D1FC
:107C5000DE48006800F03800182811D005DC48B173
:107C6000082809D0102811D108E020280AD0282897
:107C70000CD109E001240BE0042409E0082407E00A
:107C8000102405E0202403E0402401E0802400BF0C
:107C900042E1CF492868884219D1CC48006800F0F9
:107CA0000700062810D2DFE800F0030507090B0DD6
:107CB00000240BE0042409E0082407E0102405E078
:107CC000202403E0402401E0802400BF24E1C149D6
:107CD0002868884219D1BD48006800F007000628CE
:107CE00010D2DFE800F0030507090B0D00240BE0BC
:107CF000042409E0082407E0102405E0202403E020
:107D0000402401E0802400BF06E1B349286888428E
:107D100019D1AE48006800F00700062810D2DFE84D
:107D200000F0030507090B0D00240BE0042409E013
:107D3000082407E0102405E0202403E0402401E0AB
:107D4000802400BFE8E0A5492868884219D19F48EF
:107D5000006800F00700062810D2DFE800F00305F5
:107D600007090B0D00240BE0042409E0082407E0B8
:107D7000102405E0202403E0402401E0802400BF1B
:107D8000CAE097492868884220D19048006800F0EE
:107D90003800182811D005DC48B1082809D010286F
:107DA00011D108E020280AD028280CD109E00124AC
:107DB0000BE0042409E0082407E0102405E0202457
:107DC00003E0402401E0802400BFA5E08549286845
:107DD000884219D17D48006800F00700062810D2BB
:107DE000DFE800F0030507090B0D00240BE0042475
:107DF00009E0082407E0102405E0202403E04024E3
:107E000001E0802400BF87E077492868884219D1C3
:107E10006E48006800F00700062810D2DFE800F086
:107E2000030507090B0D00240BE0042409E00824D6
:107E300007E0102405E0202403E0402401E0802432
:107E400000BF69E069492868884220D15F4800681E
:107E500000F03800182811D005DC48B1082809D0F6
:107E6000102811D108E020280AD028280CD109E0D8
:107E700001240BE0042409E0082407E0102405E0B5
:107E8000202403E0402401E0802400BF44E058495E
:107E90002868884220D14D48006800F03800182832
:107EA00011D005DC48B1082809D0102811D108E00C
:107EB00020280AD028280CD109E001240BE0042452
:107EC00009E0082407E0102405E0202403E0402412
:107ED00001E0802400BF1FE03849286888421AD199
:107EE0003A48001D006800F00700062810D2DFE8BD
:107EF00000F0030507090B0D02240BE0042409E040
:107F0000082407E0102405E0202403E0402401E0D9
:107F1000802400BF00E0802400BF284928688842F0
:107F20004BD1102C1AD006DC022C09D0042C0BD01B
:107F3000082C29D10DE0202C21D0402C24D120E088
:107F4000FBF7B4FC064623E005A8FBF7C1FC069E40
:107F50001EE002A8FBF7D4FD039E19E01B4854382D
:107F60000068C0F3401040B1184854380068C0F3AE
:107F7000C101204820FA01F600E01E4E08E01E4E26
:107F800006E04FF4004603E000260120089000BF01
:107F900000BF002E10D01949686A31F81000B6FBF6
:107FA000F0F9686800EB4000484503D868680003B2
:107FB000484525D20120089007E153E0000C005805
:107FC000F369FFCFFFF4FF11001001405444025841
:107FD0000044004000480040004C00400050004079
:107FE0000014014000780040007C0040001801406F
:107FF000001C01400090D00300093D00B4CB0008F4
:108000007849686A31F810C0624600233046194644
:10801000F8F7DEF94FF4807C00220346A3FB0C0B3B
:1080200001FB0CB103FB02136968490884461CEB91
:10803000010143EB0200CDE90010D5F804C062460F
:10804000002308460199F8F7C3F90746B7F5407FC2
:1080500005D3B7F5801F02D22868C760B5E00120BC
:108060000890B2E0E869B0F5004F5BD1082C1AD057
:1080700005DC5CB1012C0DD0042C2DD10EE0102CB0
:1080800016D0202C23D0402C26D122E0FCF76AFE0B
:10809000064625E0FCF778FE064621E005A8FBF73A
:1080A00017FC069E1CE002A8FBF72AFD039E17E0C2
:1080B0004D480068C0F3401038B14B480068C0F329
:1080C000C1014A4820FA01F600E0484E08E0484E57
:1080D00006E04FF4004603E000260120089000BFB0
:1080E00000BF7EB33F49686A31F81000B6FBF0F07C
:1080F0004000696800EB5100B0FBF1F7102F0ED380
:10810000B7F5803F0BD24FF6F07007EA000AC7F3CD
:1081100042004AEA000A2868C0F80CA055E0012095
:10812000089052E0082C1BD005DC64B1012C0ED065
:10813000042C2ED10FE0102C17D0202C24D0402C52
:1081400027D123E041E0FCF70DFE064625E0FCF7D1
:108150001BFE064621E005A8FBF7BAFB069E1CE0C5
:1081600002A8FBF7CDFC039E17E01F480068C0F390
:10817000401038B11C480068C0F3C1011B4820FA08
:1081800001F600E0194E08E0194E06E04FF40046F3
:1081900003E000260120089000BF00BFAEB11149E6
:1081A000686A31F81000B6FBF0F0696800EB510026
:1081B000B0FBF1F7102F06D3B7F5803F03D2B8B26A
:1081C0002968C86001E0012008900120A5F86A0034
:1081D000A5F8680000206867A867089809B0BDE89E
:1081E000F08F0000B4CB0008004402580090D00388
:1081F00000093D0070B504460E46154644F8586F18
:10820000A5800020A06322206063A06A583CF8B1DA
:108210002748241DE16FC8632648E16F086426489B
:10822000E16FC8640020E16F086554F8043C03F175
:108230002401626DE06F241F2B46F9F75BFF38B114
:108240001020C4F890002020C4F88C00012070BDDC
:10825000206960B100BF00BF216851E8001F41F4F0
:108260008070226842E800010029F5D100BF00BFFC
:1082700000BF2168083151E8001F41F0010021686A
:10828000083141E80002002AF3D100BF00BF00BF5F
:108290002168083151E8001F41F040002168083191
:1082A00041E80002002AF3D100BF0020CFE7000020
:1082B00069B9000895B8000837B800082DE9F04101
:1082C00004460D4617469846069E41E0701C00285D
:1082D0003ED0FBF7D5F9A0EB0800B04200D816B9A4
:1082E0000320BDE8F0812068006800F0040070B34E
:1082F000802D2DD0402D2BD02068C069C0F3C00048
:1083000078B1082021680862204603F0D7FA0820D7
:10831000C4F8900000BF002084F8840000BF012052
:10832000DFE72068C069C0F3C02080B14FF400606F
:1083300021680862204603F0C1FA2020C4F89000AA
:1083400000BF002084F8840000BF0320C9E7FFE7D6
:108350002068C0692840A84201D1012000E0002027
:10836000B842B3D00020BCE710B50248FEF7BAF916
:1083700010BD0000F405002410B50248FEF7B2F964
:1083800010BD00006005002400BFFEE72DE9F041AC
:10839000FCF70CFD04460CB9BDE8F08117484668AF
:1083A00017480068351A1748D0E90020521940F1E3
:1083B00000001449C1E9002011480660224600234C
:1083C00003C9F8F705F8104908604FF47A70B4FB58
:1083D000F0F700233A460B4903C9F7F7F9FF0A49BA
:1083E00048600A48B4FBF0F700233A46054903C940
:1083F000F7F7EEFF0449886000BFCDE7001000E00A
:10840000A001002498010024001E002440420F0017
:1084100070B504460D461F49206888420FD11E489A
:108420000460456300231A461946204600F0ECFB21
:1084300000231A460E21204600F0E6FB26E01749ED
:10844000206888420FD116480460456300231A460D
:108450001946204600F0D8FB00231A460E2120467C
:1084600000F0D2FB12E00F49206888420ED10E487E
:108470000460456300231A461021204600F0C4FB27
:1084800000231A461A21204600F0BEFB2046FAF7C8
:1084900035FF70BD00A00040E008002400A40040AB
:1084A0001809002400D400405009002410B50446E7
:1084B00022464FF400410248FBF7DCF810BD0000F3
:1084C0000008025810B5044622464FF400510248F5
:1084D000FBF7D0F810BD00000008025810B50446A4
:1084E00022464FF480410248FBF7C4F810BD00005B
:1084F00000080258012802D1324A10805160022837
:1085000003D1314A108051605AE0042803D12F4A28
:108510001080516054E0082803D12D4A108051602A
:108520004EE0102803D12B4A1080516048E02028EB
:1085300003D1294A1080516042E0402803D1274AE4
:10854000108051603CE0802803D1254A10805160A2
:1085500036E0B0F5807F03D1224A108051602FE0D1
:10856000B0F5007F03D1204A1080516028E0B0F5BB
:10857000806F03D11D4A1080516021E0B0F5006F7B
:1085800003D11B4A108051601AE0B0F5805F03D11F
:10859000184A1080516013E0B0F5005F03D1164A0D
:1085A000108051600CE0B0F5804F03D1134A108069
:1085B000516005E0B0F5004F02D1114A10805160C2
:1085C0007047000018010024200100242801002425
:1085D0003001002438010024400100244801002417
:1085E0005001002458010024600100246801002487
:1085F00070010024780100248001002488010024F7
:10860000900100242DE9F0418AB007460D469046BE
:108610001C46109E019514B90020029003E0012C25
:1086200001D1A007029000200390092E1ED2DFE89E
:1086300006F01D05080B0E1114171A0001200490F6
:1086400014E00220049011E0032004900EE00420C6
:1086500004900BE00520049008E00620049005E05B
:108660000720049002E00820049000BF00BF002013
:1086700005900690079008900990424601A9384657
:10868000F9F790FF0AB0BDE8F081000010B503468D
:108690007E4CA34250D10C294DD2DFE801F04C06AC
:1086A000080B0E1118212A333A43794843E07848E1
:1086B000801C40E07648001D3DE07548801D3AE092
:1086C0000AB9744802E0012A00D1734833E012B9B4
:1086D0007048801C03E0012A01D16F48801C2AE009
:1086E00012B96C48001D03E0012A01D16A48001D3F
:1086F00021E012B96748801D03E0012A01D16648D4
:10870000801D18E00AB9654802E0012A00D16448DA
:1087100011E012B96148801C03E0012A01D16048D0
:10872000801C08E012B95D48001D03E0012A01D158
:108730005B48001D00BFA7E05A4CA34250D10C2952
:108740004DD2DFE801F04C06080B0E1118212A3338
:108750003A43554843E05448801C40E05248001DCD
:108760003DE05148801D3AE00AB9504802E0012A34
:1087700000D14F4833E012B94C48801C03E0012A75
:1087800001D14B48801C2AE012B94848001D03E083
:10879000012A01D14648001D21E012B94348801D3D
:1087A00003E0012A01D14248801D18E00AB941487E
:1087B00002E0012A00D1404811E012B93D48801C76
:1087C00003E0012A01D13C48801C08E012B9394875
:1087D000001D03E0012A01D13748001D00BF53E00E
:1087E000364CA34250D10C294DD2DFE801F04C06A3
:1087F000080B0E1118212A333A43314843E0304820
:10880000801C40E02E48001D3DE02D48801D3AE0D0
:108810000AB92C4802E0012A00D12B4833E012B9F2
:108820002848801C03E0012A01D12748801C2AE047
:1088300012B92448001D03E0012A01D12248001D7D
:1088400021E012B91F48801D03E0012A01D11E4812
:10885000801D18E00AB91D4802E0012A00D11C4819
:1088600011E012B91948801C03E0012A01D118480F
:10887000801C08E012B91548001D03E0012A01D14F
:108880001348001D00BF00BF10BD0000BC01002444
:10889000A000002498000024B0000024A8000024B8
:1088A000B80000245C020024D0000024C80000248A
:1088B000E0000024D8000024E8000024FC0200248A
:1088C000F8000024F0000024080100240001002426
:1088D00010010024DFED050A60EE200AFCEEE00A3C
:1088E00010EE900A024909688863704700007A44D4
:1088F0008004002400B59DB04C210AA8F7F756FE6D
:10890000202102A8F7F752FE0220FAF79FFF00BFCE
:10891000002001902448006820F44040224908606B
:108920000846006800F44040019000BF00BF00BF4F
:108930001D48006800F40050B0F5005FF8D1012038
:108940000A9000040B9002201390022114911591BB
:1089500028211691012117910421189102211991C2
:108960000C211A9100211B911C910AA8FCF734FBE1
:1089700008B1F7F76CFF3F2002900320039000201E
:108980000490082005904020069007900001089070
:1089900040200990032102A8FCF72EF808B1F7F750
:1089A00056FF1DB000BD00001848025870B50446BF
:1089B0000D462146034800F0DBFC024800F076FE3D
:1089C00070BD00000C1E002410B5FFF7DFFC01484D
:1089D000406810BD001E002410B5024801F009FFD8
:1089E00010BD0000AC1F002410B5024801F001FFCB
:1089F00010BD0000D41F002410B5024801F0F9FE9C
:108A000010BD0000FC1F002410B5024801F0F1FE6B
:108A100010BD00002420002410B5FFF7B7FC0C485F
:108A20000068401C0A4908600A480078401C09494F
:108A3000087008460078642805DB074800F0B2FE9D
:108A4000002004490870044800F0B6FE10BD000084
:108A5000B0010024B80100240C1E0024DFED050A3B
:108A600060EE200AFCEEE00A10EE900A0249096866
:108A70000864704700FF7F479C03002410B504463C
:108A80002068A0F2012030B101280AD002280ED0BF
:108A9000032818D111E004F128010C4802F0A2F9D2
:108AA00012E004F128010A4802F09CF90CE004F1FC
:108AB0002801084802F096F906E004F1280106486A
:108AC00002F090F900E000BF00BF10BD4C20002470
:108AD000542100245C2200246423002410B50446A1
:108AE00041F231022068811A904212D009DCA0F6CE
:108AF000311068B1012812D0022818D0032826D1DD
:108B00001DE001290CD0022912D003291FD117E042
:108B100000BF04F128010F4801F01BFF17E000BF60
:108B200004F128010B48503001F013FF0FE000BFA3
:108B300004F128010748A03001F00BFF07E000BF57
:108B400004F128010348F03001F003FF00BF00BF2B
:108B500010BD00006C24002470B5024613465878FE
:108B60001C7840EA042531B110460C464678267040
:108B70000678667000BF284670BD70B50246134681
:108B8000187800065C7840EA04409C7840EA0420AB
:108B9000DC7840EA040551B110460C46C6782670D0
:108BA000867866704678A6700678E67000BF28461C
:108BB00070BD000010B54FF480610D48FAF752FD0A
:108BC0000C4908704FF400610948FAF74BFD0A4957
:108BD00008704FF480510648FAF744FD07490870C1
:108BE0004FF480410648FAF73DFD0649087010BD74
:108BF00000080258B4010024B5010024B601002485
:108C000000100258B7010024F0B589B007460C46A1
:108C100015461E4604F0020010B90020019005E040
:108C200004F0020010B14FF080400190E01002907B
:108C30000220039004F0040010B90120049004E025
:108C400004F0040008B1022004900595069601A9DD
:108C50003846F9F7F0FC04F0010040B90020034663
:108C60000222114600903846F9F739FD0AE004F077
:108C7000010038B101200346022211460090384617
:108C8000F9F72DFD04F0040028B90022012138462F
:108C9000F9F734FC07E004F0040020B100221021B1
:108CA0003846F9F72BFC09B0F0BD000010B52DEDEA
:108CB000028B0446F0EE408AB0EE608A04F00100B8
:108CC000FFF700FCC4F34000FFF708FCC4F380008A
:108CD000FFF7ECFB0C210948FDF76EF90421084869
:108CE000FDF76AF9B0EE680AFFF7B8FEB0EE480A81
:108CF000FFF7F0FDBDEC028B10BD00009C030024CB
:108D0000800400240B48006840F080700949086026
:108D10000020094948600846006840F001000860EA
:108D200008464068054908600021054A1160516005
:108D300070470000FCED00E0001000E0A0010024FE
:108D4000980100243F4B02689A4203D13E4A1060CA
:108D5000516076E00268B2F1804F03D13B4A106067
:108D600051606EE03A4B02689A4203D1394A106072
:108D7000516066E0384B02689A4203D1374A10606E
:108D800051605EE0364B02689A4203D1354A10606A
:108D9000516056E0344B02689A4203D1334A106066
:108DA00051604EE0324B02689A4203D1314A106062
:108DB000516046E0304B02689A4203D12F4A10605E
:108DC00051603EE02E4B02689A4203D12D4A10605A
:108DD000516036E02C4B02689A4203D12B4A106056
:108DE00051602EE02A4B02689A4203D1294A106052
:108DF000516026E0284B02689A4203D1274A10604E
:108E000051601EE0264B02689A4203D1254A106049
:108E1000516016E0244B02689A4203D1234A106045
:108E200051600EE0224B02689A4203D1214A106041
:108E3000516006E0204B02689A4202D11F4A10603E
:108E400051607047000001401800002420000024F9
:108E500000040040280000240008004030000024E6
:108E6000000C0040380000240010004040000024A6
:108E70000014004048000024000401405000002479
:108E80000018004058000024001C0040600000242E
:108E900000200040680000240040014070000024D1
:108EA0000044014078000024004801408000002474
:108EB00000E000408800002400E40040900000240E
:108EC00070B504460D4616465949206888420DD1B2
:108ED00058480460C0F80852A0F80462B0F80422B0
:108EE00000F582712046FDF74DFAA0E05249206856
:108EF00088420DD151480460C0F80852A0F80462BD
:108F0000B0F8042200F582712046FDF73BFA8EE0AE
:108F10004B49206888420DD14A480460C0F8085285
:108F2000A0F80462B0F8042200F582712046FDF733
:108F300029FA7CE04449206888420DD14348046006
:108F4000C0F80852A0F80462B0F8042200F582715B
:108F50002046FDF717FA6AE03D49206888420DD1A6
:108F60003C480460C0F80852A0F80462B0F804223B
:108F700000F582712046FDF705FA58E03649206871
:108F800088420DD135480460C0F80852A0F8046248
:108F9000B0F8042200F582712046FDF7F3F946E0AF
:108FA0002F49206888420DD12E480460C0F808522D
:108FB000A0F80462B0F8042200F582712046FDF7A3
:108FC000E1F934E02849206888420DD1274804603F
:108FD000C0F80852A0F80462B0F8042200F58271CB
:108FE0002046FDF7CFF922E02149206888420DD1C3
:108FF00020480460C0F80852A0F80462B0F80422C7
:1090000000F582712046FDF7BDF910E01A4920688D
:1090100088420CD119480460C0F80852A0F80462D4
:10902000B0F8042200F582712046FDF7ABF970BD5F
:10903000001001408809002400440040940B0024E3
:1090400000480040A00D0024004C0040AC0F00245C
:1090500000500040B811002400140140C413002443
:1090600000780040D0150024007C0040DC1700246C
:1090700000180140E8190024001C0140F41B0024E2
:1090800090ED200A704790ED210A704710B5012B32
:1090900004D0022B14D0032B36D123E0012A04D0B4
:1090A000022A05D0032A09D105E000240C7005E04E
:1090B00004240C7002E001240C7000BF00BF23E008
:1090C000012A04D0022A05D0032A09D105E002248E
:1090D0000C7005E006240C7002E005240C7000BF43
:1090E00000BF11E0012A04D0022A05D0032A09D1C9
:1090F00005E002240C7005E004240C7002E0032457
:109100000C7000BF00BF00BF00BF10BD0FB4BDF8A2
:10911000041040F2FF720A40BDF8181040F2FF73CD
:1091200019408A4221D1BDF80510C1F3CA02BDF829
:109130001910C1F3CA018A4217D1DDF80510C1F335
:109140008A32DDF81910C1F38A318A420DD1BDF897
:109150000810C1F34A02BDF81C10C1F34A018A424B
:1091600003D1002180F8751002E0012180F875100C
:1091700004B0704701468920405C7047F0B58DB05F
:109180000446206800F58271122204F11000F7F7FE
:10919000DBF9206800F582752888002140F2FF770E
:1091A00000EA07020940104603F0DDFB00EE100A5A
:1091B000D4ED020A30EE600AD4ED030A80EE201AE4
:1091C00084ED1E1AB5F80100C0F3CA020021104652
:1091D00003F0C9FB00EE100AD4ED020A30EE600A7B
:1091E000D4ED030A80EE201A84ED1F1AD5F8010091
:1091F000C0F38A320021104603F0B5FB00EE100ADE
:10920000D4ED020A30EE600AD4ED030A80EE201A93
:1092100084ED201AA888C0F34A020021104603F00A
:10922000A2FB00EE100AD4ED020A30EE600AD4ED83
:10923000030A80EE201A84ED211A2720005DC0F376
:109240008110C3B26879C0F38110C2B204F1880101
:109250002046FFF71BFF2720005DC0F30110C3B2BB
:109260006879C0F30110C2B204F189012046FFF70A
:109270000DFF00BF94F87600002848D1B5F906002C
:1092800000EE100AB8EEC00ADFED380A80EE201AB0
:1092900084ED231AB5F9080000EE100AB8EEC00AF2
:1092A000DFED320A80EE201A84ED241AB5F90A00A7
:1092B00000EE100AB8EEC00ADFED2C0A80EE201A8C
:1092C00084ED251A2E20035D2A7B04F198012046A7
:1092D00000F0D3F82F20035D6A7B04F1990120464A
:1092E00000F0CBF8002610E0208E80B2304100F074
:1092F0000103E88980B2304100F0010204F19A00D4
:109300008119204600F0B9F8761C102EECDB288A73
:10931000002140F2FF7700EA07020940104603F0FF
:1093200022FB00EE100AD4ED020A30EE600AD4ED02
:10933000030A80EE201A84ED2B1A122204F1100188
:1093400002A8F7F701F9D4F82E100091608EADF85D
:109350000400122204F1220108A8F7F7B0F8204611
:1093600008A90EC9FFF7D2FE0DB0F0BD00000047FE
:1093700070B504460D46206E401C20662046FFF75F
:10938000FDFE206800F58271122204F12200F7F739
:1093900096F870BDD0E9181291420BD1D0E91A129B
:1093A000914207D10021703001710188491C20F8D9
:1093B000701902E0012180F87410D0E91A1291426C
:1093C00003D1002180F8761002E0012180F87610A8
:1093D000D0E91812914203D1002180F8771002E001
:1093E000012180F87710016E4166816EC166704779
:1093F000144B0A689A4202D1134A026021E0134BCF
:109400000A689A4202D1124A02601AE0114B0A68B5
:109410009A4202D1104A026013E0104B0A689A4245
:1094200002D10F4A02600CE00E4B0A689A4202D148
:109430000D4A026005E00D4B0A689A4201D10C4AC0
:109440000260704700100140880900240044004079
:10945000940B002400480040A00D0024004C004064
:10946000AC0F002400500040B8110024001401404B
:10947000C413002490ED2B0A704710B513B1012BD3
:1094800018D10BE012B1012A06D102E000240C70C1
:1094900002E002240C7000BF00BF0BE012B1012AF1
:1094A00006D102E003240C7002E001240C7000BF1E
:1094B00000BF00BF00BF10BD10B52DED068B0446E8
:1094C000204600F0FCF89FED760AB0EE409A9FED42
:1094D000740AF0EE409A94F8750801287ED194F849
:1094E00074080028FAD12046FFF7CAFDF0EE40AA22
:1094F00003F02DFA04F50060D0ED1E0AB4EEE00A88
:10950000F1EE10FA03DD2046FFF7BAFD01E09FED12
:10951000640AB0EE408A2046FFF7B5FDF0EE40AA9F
:1095200003F015FA04F50060D0ED1E0AB4EEE00A6F
:10953000F1EE10FA03DD2046FFF7A5FD01E09FEDF7
:10954000580AF0EE408A2046FFF794FFF0EE40AA5A
:1095500003F0FDF904F50060D0ED1E0AB4EEE00A58
:10956000F1EE10FA03DD2046FFF784FF01E09FEDE6
:109570004C0AB0EE40AA28EE080AF0EE000A80EE8F
:10958000201AB7EE000A30EE410AF0EE40AA02F0CF
:109590003DFF60EE280A04F1B00000F5806191ED16
:1095A000CC0A20EE800AB0EE409A28EEA80AB0EE6F
:1095B000001AC0EE010AB7EE000A30EE600AF0EEC3
:1095C00040AA02F023FFF1EE480A60EE200A04F1FF
:1095D000B00000F5806191EDCD0A00E05CE020EE86
:1095E000800AF0EE409A00BF91EDCE0A20EE0A0A02
:1095F0002C4880ED000A2C4890ED000A2948D0ED57
:10960000000A30EE200A284880ED000A2046FFF7C5
:10961000B1FD28B9012104F1B00000F05BFB3AE094
:109620002046FFF7A7FD062818D1022104F1B0005B
:1096300000F050FBB0EE490A04F1B00000F040FB2E
:10964000B0EE690A04F1B00000F03FFB164890ED5F
:10965000000A04F1B00000F0C1FA1CE02046FFF758
:1096600089FD032817D1022104F1B00000F032FB7C
:10967000B0EE490A04F1B00000F022FBB0EE690A36
:1096800004F1B00000F021FB064890ED000A04F15F
:10969000B00000F0A3FA00BFBDEC068B10BD0000C7
:1096A00000000000A4010024A801002410B5044615
:1096B000204600F004F82046FFF7FEFE10BD10B56E
:1096C0000446204600F00CF894F87408022803D0F1
:1096D000012084F8750802E0002084F8750810BDA8
:1096E00010B504462046FFF7CBFCB5EEC00AF1EEFC
:1096F00010FA1FD12046FFF7C6FCB5EEC00AF1EE06
:1097000010FA17D100BF94ED1E0AB5EEC00AF1EEB3
:1097100010FA0FD100BF94ED1F0AB5EEC00AF1EEAA
:1097200010FA07D12046FFF7A5FEB5EEC00AF1EE0C
:1097300010FA03D0002084F8740832E000BF94EDE2
:10974000230AB5EEC00AF1EE10FA1FD100BF94ED66
:10975000240AB5EEC00AF1EE10FA17D100BF94ED5D
:10976000250AB5EEC00AF1EE10FA0FD100BF94F849
:109770009C0058B900BF94F89D0038B900BF94F818
:109780009A0018B900BF94F89B0018B1012084F822
:10979000740806E000BF94F8740010B9022084F841
:1097A000740810BD10B504462046FFF7F3FD04F120
:1097B000B00000F0D9FC10BD10B5044604F1B000B3
:1097C00000F0EAFC10BD000010B52DED028B044640
:1097D000B0EE408A0A492046FFF70AFEB2EE001AB0
:1097E000F1EE000AB1EE000A04F1B00000F056FDFF
:1097F00004F5006080ED1E8ABDEC028B10BD0000F8
:10980000CC04002438B5044694F8F00620B10128B1
:109810002AD0022827D16AE0002522E004F2A470B1
:10982000405D98B905EB451204F5C87101EBC20023
:10983000032101F0D4FA05EB451204F5C87101EBE0
:10984000C200B1EE0E0A01F0C7FA09E005EB4512BD
:1098500004F5C87101EBC2009FED6D0A01F0BCFA7E
:109860006D1C042DDADBAEE000253DE005EB451272
:1098700004F5C87101EBC200012101F0B0FA05EB5B
:10988000850204F5B66101EB0210012101F05BF8DD
:1098900005EB451204F5C87101EBC2009FED5C0AAF
:1098A00002F005FC05EB451204F5C87101EBC2019D
:1098B00001F150009FED560A02F0F9FB05EB45124D
:1098C00004F5C87101EBC2009FED510A80ED3F0A1B
:1098D00000BF05EB850204F5B66101EB02109FEDB8
:1098E0004C0A01F033F86D1C042DBFDB6BE0002542
:1098F00012E005EB451204F5C87101EBC20004212A
:1099000001F06DFA05EB850204F5B66101EB02107A
:10991000012101F018F86D1C042DEADB002005463A
:109920004EE005EB451204F5C87101EBC20004F2EC
:10993000F46101EB850191ED000A80ED3D0A00BF65
:1099400004F2047101EB8501D1ED000AB0EE600A6A
:1099500005EB451204F5C87101EBC20002F0FDFCF5
:1099600004F26C7000EB8500D0ED000AB0EE600AE6
:1099700002F0EDFF04F58060D0EDD80AB4EEE00A05
:10998000F1EE10FA10DB04F26C7101EB8501D1ED00
:10999000000AB0EE600A05EB850204F5B66101EB42
:1099A000021000F0D3FF09E005EB850204F5B66173
:1099B00001EB02109FED160A00F0C8FF681C054677
:1099C000042DAEDB00BF00BF002508E005EB45120B
:1099D00004F5C87101EBC20001F010FA6D1C042DF2
:1099E000F4DB082000230B4A810100900A48FEF7AF
:1099F00009FE002508E005EB850204F5B66101EBE0
:109A0000021000F0B0FF6D1C042DF4DB38BD000027
:109A100000000000A0000024BC01002470B52DED62
:109A2000048B04469FED4C0AB0EE408A9FED4A0A33
:109A3000F0EE408A9FED480AB0EE409A00257BE0A8
:109A400005EB850204F5B66101EB021000F078FF2A
:109A5000DFED420AC0EE209A04F2047000EB8500AC
:109A6000D0ED000AB0EE600AF6F726FE29EE800A75
:109A7000DFED3B0A60EE200AB1EE001A80EE810AAB
:109A800030EE080AB0EE408A05EB850204F5B661B7
:109A900001EB021000F054FFDFED300AC0EE209A17
:109AA00004F2047000EB8500D0ED000AB0EE600A0D
:109AB000F6F74AFE29EE800ADFED290A60EE200A59
:109AC000B1EE001A80EE810A30EE280AF0EE408AEC
:109AD00005EB850204F5B66101EB021000F030FFE2
:109AE000DFED1E0AC0EE209A04F2047000EB850040
:109AF000D0ED000A04F2147000EB850090ED001A1E
:109B000070EEC10AB0EE600AF6F71EFE29EE800A7A
:109B1000DFED130A60EE200A124800EB850090ED9D
:109B2000001A80EE810AB1EE001AC0EE010A30EE92
:109B3000890AB0EE409A6D1C042D81DB04F580602B
:109B400080EDC98AC0EDCA8A80EDCB9A204600F02C
:109B500027FABDEC048B70BD000000003D0A5740A1
:109B600077BE1F3D50CC000870B50423994200DB3E
:109B700070BD00F2A472525C8AB901EB411600F587
:109B8000C87505EBC60292ED340A00F5F56202EBEA
:109B9000810282ED000A012500F2A472555490F86A
:109BA000A427012A0FD140F2A572125C012A0AD122
:109BB00040F2A672125C012A05D140F2A772125C33
:109BC000012A00D100E00022144690F8F0261AB9CC
:109BD00014B1022280F8F02600BFC9E700F58061C9
:109BE00081EDF00A7047000070B5044694F8F00665
:109BF00020B1012803D002285ED117E000BF002564
:109C000011E09FED2E0A204602F051FA9FED2B0A3B
:109C100004F1500002F04BFA9FED280A04F1A00075
:109C200002F045FA6D1C042DEBDB45E004F5806085
:109C3000D0EDEE0AB0EE600A204602F035FA04F5E7
:109C40008060D0EDC90AB0EE600A204602F085FBC4
:109C5000204602F02FFA04F58060D0EDEF0AB0EE56
:109C6000600A04F1500002F01FFA04F58060D0EDA4
:109C7000CA0AB0EE600A04F1500002F06EFB04F173
:109C8000500002F017FA04F58060D0EDF00AB0EE53
:109C9000600A04F1A00002F007FA04F58060D0ED3C
:109CA000CB0AB0EE600A04F1A00002F056FB04F10A
:109CB000A00002F0FFF900BF00BF70BD000000006F
:109CC00000F5806181EDEE0A704700F5806181ED5D
:109CD000EF0A704780F8F0167047000030B52DEDA0
:109CE000068B85B00446204602F034FBB0EE408A75
:109CF00004F1500002F02EFBF0EE408A04F1A000C7
:109D000002F028FBB0EE409A002538E004F204701F
:109D100000EB8500D0ED000AB0EE600AF6F7CCFC4F
:109D200060EE089A04F2047000EB8500D0ED000AA2
:109D3000B0EE600AF6F708FD48EE809A954800EB11
:109D4000850090ED000A89EE00AA04F2147000EB81
:109D50008500D0ED000A04F2047000EB850090ED60
:109D6000001A70EEC10AB0EE600AF6F7EDFC4AEE9A
:109D7000409A01A800EB8500C0ED009A6D1C042DEF
:109D8000C4DB0025FFE005EB850204F5B66101EBBD
:109D9000021000F0D5FD04F27C7000EB8500D0EDE0
:109DA000000A30EEC00A04F58060D0EDDA0A20EE39
:109DB000200A01A800EB8500D0ED000A9FED761A7D
:109DC00000EE810A04F26C7000EB850080ED000A61
:109DD00004F27C7000EB850090ED000A04F58060D1
:109DE000D0EDD90AB4EEE00AF1EE10FA14DD04F277
:109DF0006C7000EB850090ED000A04F5EA6000EB62
:109E00008500D0ED000A30EE200A04F26C7000EB01
:109E1000850080ED000A47E004F27C7000EB8500CD
:109E200090ED000A04F58060D0EDD90AF1EE600AE9
:109E3000B4EEE00AF1EE10FA14D204F26C7000EB0A
:109E4000850090ED000A04F5EA6000EB8500D0ED96
:109E5000000A30EE600A04F26C7000EB850080EDC1
:109E6000000A21E005EB850204F5B66101EB021062
:109E700000F066FD04F5806090EDD91AC0EE010A8D
:109E800004F5EA6000EB850090ED001A04F26C70B6
:109E900000EB850090ED000A00EE810A04F26C7080
:109EA00000EB850080ED000A04F26C7000EB850089
:109EB000D0ED000AB0EE600A02F049FD04F58060C2
:109EC000D0EDE30AB4EEE00AF1EE10FA08D29FED0D
:109ED000330A04F26C7000EB850080ED000A51E05B
:109EE00004F26C7000EB8500D0ED000AB0EE600A61
:109EF00002F02DFD04F58060D0EDE40AB4EEE00A36
:109F0000F1EE10FA3ED204F26C7000EB850090ED99
:109F1000000AB5EEC00AF1EE10FA14DD04F26C701E
:109F200000EB850090ED000A04F2947000EB8500D0
:109F3000D0ED000A30EE200A04F26C7000EB8500D0
:109F400080ED000A1EE004F26C7000EB850090EDDD
:109F5000000AB5EEC00AF1EE10FA13D204F26C70EA
:109F600000EB850090ED000A04F2947000EB850090
:109F7000D0ED000A30EE600A04F26C7000EB850050
:109F800080ED000A6D1C042DFFF6FDAE05B0BDECA2
:109F9000068B30BD50CC000877BE1F3D000000008E
:109FA00070B52DED028B0546002004463FE004EB22
:109FB000441205F5C87101EBC20090ED340A05F5B5
:109FC000F56000EB8400D0ED000A30EE600A05F287
:109FD000147000EB8400D0ED000A9FED171A00EE1C
:109FE000810AB0EE408ADFED150AB0EE480A02F0B1
:109FF000FFF9DFED110A80EE201A05F2047000EB84
:10A00000840080ED001A05F2047000EB8400D0EDAE
:10A01000000AB0EE600ADFED0A0A02F071FC05F2F8
:10A02000047000EB840080ED000A601C0446042CE0
:10A03000BDDBBDEC028B70BD721C2740AF3F83417E
:10A04000DB0FC94030B52DED028B81B004460025F1
:10A050007BE004F2147000EB8500D0ED000AB0EE56
:10A06000600AF6F771FB04F58060D0EDF00A3B481A
:10A0700000EB850090ED001A20EE811A04F5806057
:10A08000D0EDEE0A41EE400AF0EE608A04F2147060
:10A0900000EB8500D0ED000AB0EE600AF6F70CFB8D
:10A0A00004F58060D0EDF00A2C4800EB850090EDBF
:10A0B000001A20EE811A04F58060D0EDEF0A41EE1F
:10A0C000000AB0EE608A68EEA80AB0EE600A08EEF8
:10A0D000080AB5EEC00AF1EE10FA04DBF1EEC00A90
:10A0E000CDED000A04E0DFED1E0ACDED000A00BF51
:10A0F0009DED000ADFED1B0A80EE201A04F27C7051
:10A1000000EB850080ED001A9DED000AB5EEC00A57
:10A11000F1EE10FA0CD104F2047000EB850090ED22
:10A12000000A04F2F46000EB850080ED000A0BE009
:10A13000F0EE680AB0EE480A02F09AF904F2F46010
:10A1400000EB850080ED000A6D1C042D81DB2046AC
:10A1500000F034F801B0BDEC028B30BD50CC0008EB
:10A160000000000077BE1F3D70B50546002410E0DA
:10A1700004EB441205F5C87101EBC20000F06EFE5D
:10A1800004EB840205F5B66101EB021000F033FC2C
:10A19000641C042CECDB70BD10B504462046FFF7B0
:10A1A0003DFC2046FFF74EFF2046FFF71DFD2046F1
:10A1B000FFF794FD2046FFF725FB10BD70B52DED90
:10A1C000028B054600245BE005F2F46000EB84009E
:10A1D000D0ED000A05F2047000EB840090ED001A47
:10A1E00070EEC10AB0EE600ADFED280A02F088FBCB
:10A1F000B0EE408A9FED260AB4EEC08AF1EE10FA66
:10A2000015DB9FED240AB4EEC08AF1EE10FA0ED8E9
:10A2100005F2047000EB840090ED000A30EE080AAD
:10A2200005F2F46000EB840080ED000A27E0DFED2A
:10A230001A0A78EE200AB0EE600ADFED140A02F086
:10A240005FFB05F2047000EB8400D0ED000A30EEF5
:10A25000200A05F2F46000EB840080ED000A05F2AC
:10A260007C7000EB840090ED000AFFEE000A20EE07
:10A27000200A05F27C7000EB840080ED000A641C6B
:10A28000042CA1DBBDEC028B70BD0000DB0FC940CC
:10A29000DB0FC9BFDB0FC93FDB0F494010B52DED08
:10A2A000048B82B00446B0EE408BB0EE419A04F5C8
:10A2B000806080EDCC8AC0EDCD8A80EDCE9A002101
:10A2C0009FEDE25ADFEDE14A9FEDE04ADFEDDF3A34
:10A2D0009FEDDF3AF3EE0E2A9FEDDE2ADFEDDB1A6B
:10A2E0009FEDDA1ADFEDD90AB2EE040A204602F039
:10A2F00019F800219FEDD55ADFEDD44A9FEDD34ADE
:10A30000DFEDD23A9FEDD23AF3EE0E2A9FEDD12A3D
:10A31000DFEDCE1A9FEDCD1ADFEDCC0AB2EE040AC6
:10A3200004F1500001F0FEFF00219FEDC85ADFED5F
:10A33000C74A9FEDC64ADFEDC53A9FEDC53AF2EE3A
:10A34000042A9FEDC52ADFEDC11A9FEDC01ADFED8B
:10A35000BF0AB2EE040A04F1A00001F0E3FF0020FE
:10A3600007E000EB800204F1F00101EBC2018C6018
:10A37000401C0428F5DB00234FF48062B74904F148
:10A38000F00000F033FA0123DA02B44904F58C70CE
:10A3900000F02CFA0223DA02B04904F5A07000F0B4
:10A3A00025FA03234FF48042AD4904F5B47000F060
:10A3B0001DFAF2EE040A9FEDAB0A03230122AA491B
:10A3C00004F5C87000F06AFD00219FEDA05ADFED92
:10A3D0009F4A9FED9E4ADFED9D3A9FED9D3ADFED4E
:10A3E000A32A9FED9A2ADFED991A9FED981ADFEDC7
:10A3F000970AB3EE070A04F5C87001F093FF002135
:10A400009FED925ADFED914A9FED904ADFED8F3A32
:10A410009FED8F3AF1EE082AB0EE082ADFED8B1A95
:10A420009FED8A1ADFED890A9FED910A04F5F0701D
:10A4300001F078FFF2EE040A9FED8A0A032302225C
:10A44000894904F5267000F029FD00219FED7F5A0F
:10A45000DFED7E4A9FED7D4ADFED7C3A9FED7C3A51
:10A46000DFED822A9FED792ADFED781A9FED771ACA
:10A47000DFED760AB3EE070A04F5267001F052FF0D
:10A4800000219FED725ADFED714A9FED704ADFEDBA
:10A490006F3A9FED6F3AF1EE082AB0EE082ADFED31
:10A4A0006B1A9FED6A1ADFED690A9FED710A04F5D8
:10A4B0003A7001F037FFF2EE040A9FED6A0A0323B7
:10A4C0001A46694904F5687000F0E8FC00219FED28
:10A4D0005F5ADFED5E4A9FED5D4ADFED5C3A9FED2E
:10A4E0005C3ADFED622A9FED592ADFED581A9FEDA5
:10A4F000571ADFED560AB3EE070A04F5687001F04B
:10A5000011FF00219FED515ADFED504A9FED4F4A58
:10A51000DFED4E3A9FED4E3AF1EE082AB0EE082AF2
:10A52000DFED4A1A9FED491ADFED480A9FED500A08
:10A5300004F57C7001F0F6FEF2EE040A9FED490A84
:10A5400003230422484904F5956000F0A7FC00218C
:10A550009FED3E5ADFED3D4A9FED3C4ADFED3B3A31
:10A560009FED3B3ADFED412A9FED382ADFED371AA8
:10A570009FED361ADFED350AB3EE070A04F5956054
:10A5800001F0D0FE00219FED315ADFED304A9FED02
:10A590002F4ADFED2E3A9FED2E3AF1EE082AB0EE6B
:10A5A000082ADFED2A1A9FED291ADFED280A9FED10
:10A5B000300A04F59F6001F0B5FE0120F3EE0E1A9B
:10A5C0009FED2C1ADFED2B0A9FED2B0A072331227A
:10A5D0002A49009004F5B66000F01CFA0120F3EE61
:10A5E0000E1A9FED241ADFED260A9FED230A07239A
:10A5F00032222249009004F5C06000F00BFA0120DD
:10A60000F3EE0E1A9FED1B1ADFED1A0A9FED1A0AE0
:10A61000072333221949009004F5CA6000F0FAF9C3
:10A620000120F3EE0E1A9FED131ADFED120A9FEDD3
:10A63000120A072334221149009004F5D46000F077
:10A64000E9F902B0BDEC048B10BD00000000000071
:10A650006F12033BEC51383E0AD7233C00080258E6
:10A660000010025800001042BC010024000070429B
:10A670006666A63F00004842280FC9405C020024DD
:10A680000000484370B50446204601F069FE0446C8
:10A69000503001F065FEA0F15004503001F060FE32
:10A6A000A0F1A004042328224349503001F0CDFE3C
:10A6B000A0F1F00404234FF484724049A03001F06B
:10A6C000C4FEA0F5C874042350223D4900F58460FF
:10A6D00001F0BBFEA0F5B664002084F8F00604F596
:10A6E000E060384B93E82600DB68061D26C6036150
:10A6F000354D2ECD9FED350A14302EC004F5806007
:10A7000080EDC90A9FED310A80EDCA0A9FED2F0A3C
:10A7100080EDCB0A9FED2D0A80EDCC0A9FED2B0A30
:10A7200080EDCD0A9FED290A80EDCE0A9FED270A24
:10A7300080EDCF0A04F5E060254D2ECD00F14006F6
:10A740002EC6244D2ECD9FED210A50302EC004F58B
:10A75000806080EDD80AB7EE000A80EDD90A9FED3F
:10A760001E0A80EDDA0A9FED1C0A80EDE30A9FEDD8
:10A770001B0A80EDE40A04F5F060194D2ECD14306B
:10A780002EC040F2A47017490968015104F5F06029
:10A79000154D2ECD9FED0D0A28302EC004F580609A
:10A7A00080EDEE0A9FED090A80EDEF0A9FED070AA2
:10A7B00080EDF00A204670BD49A8000835AF0008BA
:10A7C000CDAB0008ECCB0008FCCB0008000000007B
:10A7D0000CCC00081CCC0008CDCCCC3D6666A63F56
:10A7E0002CCC00083CCC000840CC000882800374CC
:10A7F000704710B50446FEF7E7F8E060E068B0F592
:10A800007A7F20D9F8F73CFF6061D4E90501401A4E
:10A81000E061D4E90701884210D214F8240F401CEB
:10A82000207020786178243C88420ADB217CA06873
:10A83000FFF79AF9002084F8240002E0002084F851
:10A8400024006069A06110BD0021C160C16140F6B3
:10A85000B8310162002180F82410032180F825100E
:10A8600070470000FEB504462068007961688842A0
:10A8700000D0FEBD20684068060A092E02D0102EC6
:10A8800051D138E0206800F12C0502A92846FEF7D6
:10A8900074F901A9281DFEF75FF96946A81DFEF7A6
:10A8A0005BF9207E00EE100AF8EE400A9DED020AE8
:10A8B000B8EEC01A81EE200ADFED1D0A20EE200A54
:10A8C00084ED0A0ABDF9040000EE100AB8EEC00AD1
:10A8D000F2EE040A80EE201A84ED0B1ABDF9000096
:10A8E00000EE100AB8EEC00ADFED120A80EE201A60
:10A8F00084ED0C1A18E0206800F12C0502A9A81DAF
:10A90000FEF72AF9BDF8080000EE100AF8EE400A3A
:10A910009FED091A80EE810ADFED080A20EE200A79
:10A9200084ED0D0A00E000BF00BF00BFA1E70000FA
:10A930005077D63D00007A440000484235FA8E3CFC
:10A9400090ED0A0A704780F83810704780ED120ABF
:10A95000704770B504460D46E069401CE061204632
:10A96000FFF780FF70BD10B5044694F8240001285D
:10A970003BD194ED021AF0EE410A94ED021AB1EEC9
:10A98000411AB0EE410A04F1400001F0A1FF94ED3C
:10A99000031AF0EE410A94ED031AB1EE411AB0EE3B
:10A9A000410A04F1440001F093FF94ED041AF0EE23
:10A9B000410A94ED041AB1EE411AB0EE410A04F1D5
:10A9C0003C0001F085FF94ED051AF0EE410A94ED8C
:10A9D000051AB1EE411AB0EE410A04F1480001F047
:10A9E00077FF204600F046F803E094F8240000B911
:10A9F00010BD00BFFCE7D0E90712914203D100214E
:10AA000080F8241002E0012180F82410C16901625D
:10AA10007047000070B5049C104E0D68B54202D11D
:10AA20000F4D05600CE00F4E0D68B54202D10E4D82
:10AA3000056005E00D4E0D68B54201D10C4D056075
:10AA40004260037680F8384080ED020AC0ED030AC8
:10AA500080ED041AC0ED051A70BD000000A0004092
:10AA6000E008002400A400401809002400D400409D
:10AA7000500900247CB5054695F83800052875D2A4
:10AA8000DFE800F0031B355675006E6895ED0F0A80
:10AA9000DFED4A0A20EE200ABDEEC00A10EE104A91
:10AAA000200E8DF80400200C8DF80500200A8DF88A
:10AAB0000600E0B28DF8070074E0686840F4807624
:10AAC00095ED120ADFED3D0A20EE200ABDEEC00A28
:10AAD00010EE104A200E8DF80400200C8DF80500B1
:10AAE000200A8DF80600E0B28DF807005AE0686889
:10AAF00040F4407695ED110A9FED311AC0EE010A3F
:10AB0000287E00EE100AB8EE400A20EE800ABDEE64
:10AB1000C00A10EE104A200E8DF80400200C8DF8AB
:10AB20000500200A8DF80600E0B28DF8070039E034
:10AB3000686840F48066D5ED100A9FED221A80EE19
:10AB4000810ADFED210A20EE200ABDEEC00A10EED8
:10AB5000104A200E8DF80400200C8DF80500200A04
:10AB60008DF80600E0B28DF807001BE019E0686878
:10AB700040F4007695ED130ADFED100A20EE200A6E
:10AB8000BDEEC00A10EE104A200E8DF80400200C15
:10AB90008DF80500200A8DF80600E0B28DF8070058
:10ABA00000E000BF00BF042000902968012301AA33
:10ABB00008683146FDF726FD7CBD000000007A44A0
:10ABC0005077D63D35FA8E3C002474490021C1618E
:10ABD000016280F824109FED0A0A80ED0F0A9FEDB4
:10ABE000080A80ED100A9FED060A80ED110A9FED1C
:10ABF000040A80ED120AB0EE080A80ED130A7047CD
:10AC000000000000FEB50446D4F8A00000F12C05B9
:10AC100002A92846FDF7A0FF01A9A81CFDF79CFF8B
:10AC20006946281DFDF798FFE420005BBDF8081079
:10AC3000081A06B2B4F8B410484200EBD071B6EB73
:10AC4000610F05DAEC200059401CEC2108510BE0A3
:10AC5000B4F8B40000EBD071B6EB610F04DDEC206A
:10AC60000059401EEC210851EC200059B4F8B410F2
:10AC7000BDF8082000FB0121E820015194ED3A0ABB
:10AC8000F8EEC00AB4F8B40000EE100AB8EE401AAC
:10AC900080EE810AF0EE000A20EE200ADFED1A0AAB
:10ACA00020EE200AD4ED2B0A80EE201A84ED341A0F
:10ACB000BDF9040000EE100AB8EEC00ADFED130A79
:10ACC00020EE200AD4ED2B0A80EE201A84ED351AEE
:10ACD000D4ED2E0ABDF9000000EE100AB8EEC00A4D
:10ACE00080EE201A84ED361AA87900EE100AB8EE2C
:10ACF000400ADFED070A30EE200A84ED370ABDF87E
:10AD00000810E4200151FEBDDB0F49405077D63DCD
:10AD10003393884310B5044694F8F000012804D01A
:10AD2000032803D004284ED11FE051E0D4ED3E0AA1
:10AD300094ED401A70EE810AB0EE600A04F1500002
:10AD400001F0B2F9D4ED350AB0EE600A04F150001A
:10AD500001F003FB04F1500001F0ACF904F15000E4
:10AD600001F0F8FA84ED3F0A32E0D4ED3D0AB0EE8E
:10AD7000600A204601F098F9204601F09BF9204630
:10AD800001F0E8FA84ED3E0AD4ED3E0A94ED401A53
:10AD900070EE810AB0EE600A04F1500001F084F90F
:10ADA000D4ED350AB0EE600A04F1500001F0D5FA96
:10ADB00004F1500001F07EF904F1500001F0CAFAEC
:10ADC00084ED3F0A04E09FED030A84ED3F0A00BFD3
:10ADD00000BF10BD0000000080ED3E0A704780F803
:10ADE000F010704770B504460D46D4F8C000401C02
:10ADF000C4F8C0002046FFF705FF70BD38B5044613
:10AE00002046FFF787FF94ED3F0AD4ED410A30EE6C
:10AE1000200A8DED000A94ED2C1AF0EE410A94ED13
:10AE20002C1AB1EE411AB0EE410A684601F050FD0D
:10AE300094ED2E0ADDED000A20EE200A84ED320AA0
:10AE4000204600F063F89FED040A84ED410A9FED6F
:10AE5000020A84ED400A38BD0000000010B5044627
:10AE6000D4E9300188420ED1002084F8CC009FED57
:10AE70000A0A204601F01BF99FED070A04F1500071
:10AE800001F015F902E0012084F8CC00D4F8C000EC
:10AE9000C4F8C40010BD000000000000F0B5044676
:10AEA0000D4616461F4613492868884203D11248AA
:10AEB000C4F8A0000EE011492868884203D1104868
:10AEC000C4F8A00006E00F492868884202D10E4865
:10AED000C4F8A00084F8A46084F8F07084ED2B0A14
:10AEE000C4ED2C0A002231462846FDF7CFFBC4F8FA
:10AEF000A800F0BD00A00040E008002400A400402D
:10AF00001809002400D400405009002490ED320AB2
:10AF1000BDEEC00A10EE101A090AD0F8A820117070
:10AF200090ED320ABDEEC00A10EE101AD0F8A8203B
:10AF30005170704710B50446204601F011FA0446DE
:10AF4000503001F00DFAA0F150044FF4005024F8F5
:10AF5000B40F9FED150A84ED010AB2EE040A84EDE8
:10AF6000020A0020E0609FED110A206184ED050ACD
:10AF70002076042084F83C009FED0C0A84ED100A32
:10AF80009FED0A0A84ED110A9FED080A84ED120A6A
:10AF90009FED060A84ED130A9FED040A84ED140A5E
:10AFA000B43C204610BD000000007A4400000000C0
:10AFB000F0B5856D846D984F0668BE4270D0964F8F
:10AFC00018370668BE426BD0934F30370668BE42D2
:10AFD00066D0914F48370668BE4261D08E4F6037C9
:10AFE0000668BE425CD08C4F78370668BE4257D0A8
:10AFF000894F90370668BE4252D0874FA8370668FF
:10B00000BE424DD0854F0668BE4249D0834F1837A7
:10B010000668BE4244D0814F30370668BE423FD0FA
:10B020007E4F48370668BE423AD07C4F603706688C
:10B03000BE4235D0794F78370668BE4230D0774F60
:10B0400090370668BE422BD0744FA8370668BE42C0
:10B0500026D0734F0668BE4222D0714F143706685F
:10B06000BE421DD06E4F28370668BE4218D06C4FC6
:10B070003C370668BE4213D0694F50370668BE425F
:10B080000ED0674F64370668BE4209D0644F7837E8
:10B090000668BE4204D0624F8C370668BE4201D1BA
:10B0A000012600E000263EB1D0E919767E60C66E2A
:10B0B00016B1D0E91C767E60574F0668BE4249D073
:10B0C000554F18370668BE4244D0534F3037066894
:10B0D000BE423FD0504F48370668BE423AD04E4F2E
:10B0E00060370668BE4235D04B4F78370668BE429F
:10B0F00030D0494F90370668BE422BD0464FA83714
:10B100000668BE4226D0454F0668BE4222D0434F55
:10B1100018370668BE421DD0404F30370668BE4221
:10B1200018D03E4F48370668BE4213D03B4F6037B9
:10B130000668BE420ED0394F78370668BE4209D045
:10B14000364F90370668BE4204D0344FA8370668A1
:10B15000BE4201D1012600E00026DEB190F85C601D
:10B1600006F01F073F26BE40AE600668366826F42C
:10B17000802607683E60066873608668402E04D1AA
:10B180000668B2600668F16044E00668B16006686F
:10B19000F2603FE0224F0668BE4222D0204F1437B3
:10B1A0000668BE421DD01E4F28370668BE4218D022
:10B1B0001B4F3C370668BE4213D0194F5037066804
:10B1C000BE420ED0164F64370668BE4209D0144FF7
:10B1D00078370668BE4204D0114F8C370668BE42ED
:10B1E00001D1012600E00026A6B190F85C6006F0CF
:10B1F0001F070126BE406660066873608668402EA1
:10B2000004D10668B2600668F16003E00668B160C8
:10B210000668F260F0BD0000100002401004024019
:10B2200008540258014600208A69D2B98A6A32B1AC
:10B23000012A0DD0022A03D0032A10D10EE000BF4C
:10B24000CA6A02F08072B2F1807F00D1012007E06B
:10B25000CA6AB2F1C07F00D1012001E000E000BF66
:10B2600036E08A69B2F5005F1BD18A6A32B1012AE1
:10B2700007D0022A03D0032A11D10AE000BF01201F
:10B280000EE0CA6A02F08072B2F1807F00D1012024
:10B2900006E0CA6AB2F1C07F00D1012000E000BF21
:10B2A00016E08A6A32B1012A05D0022A04D0032AA4
:10B2B0000CD103E000BF00BF012008E0CA6A02F021
:10B2C0008072B2F1807F00D1012000E000BF00BF9A
:10B2D000704700000146374A0868904249D0354A15
:10B2E00018320868904244D0324A3032086890429E
:10B2F0003FD0304A4832086890423AD02D4A6032F6
:10B300000868904235D02B4A78320868904230D095
:10B31000284A9032086890422BD0264AA832086802
:10B32000904226D0244A0868904222D0224A1832FD
:10B33000086890421DD0204A30320868904218D0E8
:10B340001D4A48320868904213D01B4A6032086890
:10B3500090420ED0184A78320868904209D0164AB6
:10B3600090320868904204D0134AA832086890428C
:10B3700001D1012000E00020B0B10A78103A182372
:10B38000B2FBF3F000F007020C4B9A5CCA6503288D
:10B3900005D90A686FF30902121D8A6503E00A687D
:10B3A0006FF309028A6503E0086820F0FF008865F2
:10B3B000886D7047100002401004024050CB000816
:10B3C00010B502682B4C0368A34222D0294C1434D8
:10B3D0000368A3421DD0274C28340368A34218D029
:10B3E000244C3C340368A34213D0224C50340368ED
:10B3F000A3420ED01F4C64340368A34209D01D4CF5
:10B4000078340368A34204D01A4C8C340368A342F6
:10B4100001D1012300E000238BB10378083B142401
:10B42000B3FBF4F1144B03EB81030366124B80333F
:10B43000436601F01F040123A340836618E00378EC
:10B44000103B1824B3FBF4F10C4B9A4204D80B4B7D
:10B45000A83B9A4200D30831094B03EB81030366F2
:10B46000074B8033436601F01F040123A34083662A
:10B4700010BD00000854025800580258B804024099
:10B48000000802400179A9B3082940D8204B02687E
:10B490009A4222D01E4B143302689A421DD01C4B94
:10B4A000283302689A4218D0194B3C3302689A42FA
:10B4B00013D0174B503302689A420ED0144B6433AA
:10B4C00002689A4209D0124B783302689A4204D03B
:10B4D0000F4B8C3302689A4201D1012200E0002216
:10B4E0004AB14A1E0B4B03EB8202C266094A403244
:10B4F000026708E00BE04A1E074B03EB8202C266BC
:10B50000054A403202674A1E012393404367704751
:10B5100008540258005902580009024030B5026A26
:10B52000056A25F00105056243688469204D2C40B9
:10B5300024F003040D682C4322F002028D682A4394
:10B540001C4DA84200D10FE01B4DA84200D10BE0DA
:10B550001A4DA84200D107E0194DA84200D103E0DE
:10B56000184DA84206D100BF22F00802CD682A4338
:10B5700022F004020F4DA8420BD00F4DA84208D074
:10B580000E4DA84205D00E4DA84202D00D4DA84246
:10B5900007D123F4807323F400734D692B438D6925
:10B5A0002B43436084614D684563026230BD0000F7
:10B5B0008FFFFEFF000001400004014000400140F9
:10B5C000004401400048014030B5026A056A25F494
:10B5D000807505624368C469224D2C4024F0030441
:10B5E0000D682C4322F400728D6842EA05221E4D3C
:10B5F000A84200D10FE01D4DA84200D10BE01C4D28
:10B60000A84200D100BF1B4DA84200D100BF1A4D77
:10B61000A84207D106E022F40062CD6842EA052282
:10B6200022F48062104DA8420BD0104DA84208D0E1
:10B630000F4DA84205D00F4DA84202D00E4DA84292
:10B6400009D123F4805323F400534D6943EA0513D1
:10B650008D6943EA05134360C4614D68C5630262A6
:10B6600030BD00008FFFFEFF0000014000040140DC
:10B6700000400140004401400048014030B5036AE9
:10B68000056A25F4805505624468C269124D2A4056
:10B6900022F440720D6842EA052223F400538D68BB
:10B6A00043EA05330D4DA8420BD00D4DA84208D0FA
:10B6B0000C4DA84205D00C4DA84202D00B4DA8421B
:10B6C00004D124F480444D6944EA85144460C26185
:10B6D0004D680564036230BDFF8FFFFE000001402E
:10B6E0000004014000400140004401400048014086
:10B6F00030B5026A056A25F4803505624368446DF9
:10B70000114D2C400D682C4322F400320D8942EA81
:10B7100005420E4DA8420BD00D4DA84208D00D4D4C
:10B72000A84205D00C4DA84202D00C4DA84204D12D
:10B7300023F480334D6943EA0523436044654D6833
:10B740008565026230BD00008FFFFEFF00000140F2
:10B750000004014000400140004401400048014015
:10B7600030B5026A056A25F4801505624368446DA8
:10B77000114D2C400D6844EA052422F400120D8975
:10B7800042EA05520D4DA8420BD00D4DA84208D0FB
:10B790000C4DA84205D00C4DA84202D00B4DA8423A
:10B7A00004D123F480234D6943EA85234360446533
:10B7B0004D68C565026230BDFF8FFFFE000001408D
:10B7C00000040140004001400044014000480140A5
:10B7D0000A468168034B194042F007031943816010
:10B7E000704700008FFFCFFF30B50B461446026A4A
:10B7F000056A25F001050562816921F0F00141EA41
:10B80000041122F00A021A438161026230BD30B590
:10B810000B461446026A056A25F010050562816927
:10B8200021F4704141EA043122F0A00242EA0312FD
:10B830008161026230BD2DE9F0410546AC6BD4F860
:10B840008860D4F88C702068806800F080008028C0
:10B8500007D1212E05D10020A4F85600204600F083
:10B8600063F82068806800F04000402807D1222F4C
:10B8700005D10020A4F85E00204600F01FF8D4F89F
:10B88000900040F01000C4F890002046FAF729FF1D
:10B89000BDE8F08170B50546AC6B01202067E06E15
:10B8A000012806D1B4F85C0041082046FAF79CFD57
:10B8B00002E02046FBF759FB70BD000000BF00BF4F
:10B8C000026852E8002F22F49071036843E80012E6
:10B8D000002AF5D100BF00BF00BF0268083252E85D
:10B8E000002F104B02EA03010268083242E80013FD
:10B8F000002BF2D100BFC16E01290CD100BF00BFE7
:10B90000026852E8002F22F01001036843E8001299
:10B91000002AF5D100BF2021C0F88C100021C1669B
:10B9200041677047FEFFFFEF00BF00BF026852E8AB
:10B93000002F22F0C001036843E80012002AF5D16D
:10B9400000BF00BF00BF0268083252E8002F22F497
:10B9500000010268083242E80013002BF3D100BF57
:10B960002021C0F88810704770B50546AC6BE869B7
:10B97000B0F5807F40D00020A4F85E0000BF00BF7B
:10B98000216851E8001F21F48070226842E800011C
:10B990000029F5D100BF00BF00BF2168083151E880
:10B9A000001F21F001002168083141E80002002A4F
:10B9B000F3D100BF00BF00BF2168083151E8001F6C
:10B9C00021F040002168083141E80002002AF3D14B
:10B9D00000BF2020C4F88C00E06E01280CD100BF0D
:10B9E00000BF216851E8001F21F01000226842E8E2
:10B9F00000010029F5D100BF00202067E06E01287A
:10BA000005D1B4F85C102046FAF7EEFC02E02046BF
:10BA1000FBF7AAFA70BD10B5044600BF00BF21684D
:10BA200051E8001F21F04000226842E8000100298F
:10BA3000F5D100BF2020C4F888000020A067204670
:10BA4000FBF794FA10BD70B50546AC6B0020A4F866
:10BA50005E00A4F856002046FAF743FE70BD0000D1
:10BA60002DE9F041054614461E46D1F804C0BCF14C
:10BA7000000F0AD1D1F810C0D1F808804CEA080CA8
:10BA8000B1F800804CEA88430BE0D1F810C04CF0CC
:10BA9000804CD1F808804CEA080CD1F800804CEAC0
:10BAA000080391F82080D1F81CC04CEA086CD1F84A
:10BAB00018804CEA080CD1F814804CEA080CB1F854
:10BAC0000C804CEA0847D5F868C00CFB06FCD5F89A
:10BAD000848008EB8C021360121D1760121D002079
:10BAE00019E000F1030C14F80CC04FEA0C6800F1E7
:10BAF000020C14F80CC048EA0C4800F1010C14F8D0
:10BB00000CC048EA0C2C14F800804CEA080CC2F86F
:10BB100000C0121D001DDFF81480D1F80CC018F809
:10BB20000CC08445DDD8BDE8F081000058CB00088A
:10BB300010B501464A6B0868D0F884004FF6FC74D3
:10BB4000A04340EA82000C68C4F884000868D0F87A
:10BB5000840020F47F04088F44EA00400C68C4F895
:10BB60008400886B02440868D0F888004FF6FC74A3
:10BB7000A04340EA82000C68C4F888000868D0F846
:10BB8000880020F4FE04888F44EA00400C68C4F862
:10BB90008800C86B02EB40020868D0F8A0004FF69E
:10BBA000FC74A04340EA82000C68C4F8A000086856
:10BBB000D0F8A00020F4FE044020405A44EA00409F
:10BBC0000C68C4F8A000D1E9104004FB002208680A
:10BBD000D0F8B0004FF6FC74A04340EA82000C6835
:10BBE000C4F8B0000868D0F8B00020F4FE04B1F842
:10BBF000480044EA00400C68C4F8B000D1E91240A3
:10BC000004FB00220868D0F8AC004FF6FC74A04397
:10BC100040EA82000C68C4F8AC00D1E9144004FB8F
:10BC200000220868D0F8F0004FF6FC74A04340EA08
:10BC300082000C68C4F8F0000868D0F8F00020F426
:10BC40007C14B1F8580044EA00400C68C4F8F000D5
:10BC5000886D02EB40020868D0F8C0004FF6FC7413
:10BC6000A04340EA82000C68C4F8C0000868D0F81D
:10BC7000C00020F47C14B1F85C0044EA00400C6879
:10BC8000C4F8C0000868D0F8C00020F07C5491F8D7
:10BC9000600044EA00600C68C4F8C0002A4C486B9D
:10BCA00004EB8000C866CC6E886B04EB80040C67E4
:10BCB0000C6FC86B04EBC0044C67D1E910046043FF
:10BCC0004C6F04EB80048C67D1E9120460438C6FE5
:10BCD00004EB8004CC67D1E914046043CC6F04EB1F
:10BCE0008004802044504458886D04EBC0048420B4
:10BCF00044508C6EC86D60438424645804EB800407
:10BD0000882044508C6E086E60438824645804EB8D
:10BD100080049020445040580C4CA04209D99831DE
:10BD2000486840F020004860032001F8980901208D
:10BD300010BDCB6E02E0002018601B1D9020405803
:10BD40009842F8D80020F3E700AC0040FCD3004054
:10BD500010B5002804DB0A07130E054A135406E049
:10BD60000A07140E034A00F00F031B1FD45410BD22
:10BD700000E400E018ED00E002480068C0F3022093
:10BD8000704700000CED00E02DE9F04104460E463E
:10BD900000275548006800F00300032802D1012065
:10BDA000BDE8F08150482838006820F080604E4996
:10BDB00028390860F7F764FC054606E0F7F760FCF1
:10BDC000401B022801D90320EAE7474828380068C9
:10BDD000C0F3C0600028F1D100BF4348006820F4E0
:10BDE0007C30216840EA01303F490860A088401E4D
:10BDF000C0F30800A168491E4FF47E4202EA4121C7
:10BE00000843A189491ED20102EA01410843217C6D
:10BE1000491E120202EA01610843334910310860E9
:10BE200000BF3148001D006820F0C0006169084370
:10BE30002D49091D08600846006820F02000A1690E
:10BE400008432949091D08600846006820F01000D1
:10BE500008602548143000684FF6F8718843E1699E
:10BE600040EAC1002049143108601F48001D0068E5
:10BE700040F010001C49091D08602EB908460068F2
:10BE800040F40020086012E0012E08D11648001D81
:10BE9000006840F480101449091D086007E012484A
:10BEA000001D006840F400100F49091D08600E488D
:10BEB0002838006840F080600B4928390860F7F79F
:10BEC000DFFB054606E0F7F7DBFB401B022801D944
:10BED000032065E7044828380068C0F3C0600028E4
:10BEE000F1D038465CE70000284402582DE9F041C3
:10BEF00004460E4600275548006800F0030003285A
:10BF000002D10120BDE8F08150482838006820F0B7
:10BF100080504E4928390860F7F7B2FB054606E025
:10BF2000F7F7AEFB401B022801D90320EAE7474898
:10BF300028380068C0F340700028F1D100BF4348A2
:10BF4000006820F07C70218840EA01503F49086079
:10BF5000A088401EC0F30800A168491E4FF47E422D
:10BF600002EA41210843A189491ED20102EA0141A6
:10BF70000843217C491E120202EA01610843334949
:10BF80001831086000BF3148001D006820F440608F
:10BF9000616908432D49091D08600846006820F4BE
:10BFA0000070A16908432949091D08600846006816
:10BFB00020F48070086025481C3000684FF6F87146
:10BFC0008843E16940EAC10020491C3108601F48EC
:10BFD000001D006840F480701C49091D08602EB9DE
:10BFE0000846006840F48000086012E0012E08D185
:10BFF0001648001D006840F400001449091D08603F
:10C0000007E01248001D006840F080700F49091DCC
:10C0100008600E482838006840F080500B492839E5
:10C020000860F7F72DFB054606E0F7F729FB401BF4
:10C03000022801D9032065E7044828380068C0F3C6
:10C0400040700028F1D038465CE7000028440258D0
:10C0500070B5456E2DB90125A0F86A50A0F868505A
:10C060001CE0102310240568AD68C5F34261056823
:10C07000AD686A0F0A4DAD5C15FB04F5094EB65C60
:10C0800095FBF6F5A0F86A50054D6D5C15FB03F5C0
:10C09000044E765C95FBF6F5A0F8685070BD000084
:10C0A000CCCB0008D4CB000880ED110A704780ED9E
:10C0B000130A704710B52DED0A8B04469FED980AC0
:10C0C000F0EE409A9FED960AB0EE40AA9FED940ADA
:10C0D000F0EE40AA9FED920AB0EE40BA94ED110A3C
:10C0E000D4ED120A30EE600AF0EE408AB0EE680A33
:10C0F00000F02DFCB0EE408A94ED010AB4EEC80ABF
:10C10000F1EE10FA0BDD94ED120A84ED110A9FEDA9
:10C11000840AF0EE408A9FED820AB0EE408A94EDE8
:10C12000080A20EE280AF0EE409A94ED0E0AB5EEC9
:10C13000C00AF1EE10FA09D194ED0F0AB5EEC00A6B
:10C14000F1EE10FA02D1B7EE009A31E094ED0F0A49
:10C15000B4EEC80AF1EE10FA02DBB7EE009A27E05F
:10C1600094ED0F0AB4EEC80AF1EE10FA17D294ED6E
:10C170000E0AD4ED0F0A30EE200AB4EEC80AF1EE32
:10C1800010FA0CDD94ED0E0AD4ED0F0A30EE200A01
:10C1900030EE480AD4ED0E0A80EE209A08E094EDC5
:10C1A0000F0AB4EEC80AF1EE10FA01D89FED5C9ABE
:10C1B00094ED0C0AB5EEC00AF1EE10FA19D094ED28
:10C1C0000C0AD4ED090A80EE201AF0EE41BA94ED83
:10C1D0000C0AB1EE400AD4ED090A80EE201AB0EE46
:10C1E00041CAF0EE6B0AB0EE4C0A04F14C0000F0CC
:10C1F0006FFB94ED100AB5EEC00AF1EE10FA12D101
:10C2000094ED130AD4ED000A60EE890A00EEA80A44
:10C2100084ED130A94ED090AD4ED130A20EE200AE6
:10C22000B0EE40AA21E094ED100AB4EEC80AF1EE97
:10C2300010FA12DD94ED130AD4ED000A60EE890ABB
:10C2400000EEA80A84ED130A94ED090AD4ED130A4E
:10C2500020EE200AB0EE40AA07E09FED310A84EDFF
:10C26000130A9FED2F0AB0EE40AA207A70B994ED20
:10C270000A0AD4ED060A78EEE00A20EE200AD4ED90
:10C28000000A80EE201AF0EE41AA0FE094ED070AB2
:10C29000D4ED050A30EE600AD4ED0A0A20EE200A39
:10C2A000D4ED000A80EE201AF0EE41AA94ED110AB6
:10C2B000D4ED040A30EE600AD4ED0B0A20EE200A19
:10C2C000B0EE40BA39EE8A0A30EE2A0A30EE0B0A96
:10C2D00084ED070A94ED0D0AB5EEC00AF1EE10FAEE
:10C2E0000DD094ED0D1AF0EE410A94ED0D1AB1EE59
:10C2F000411AB0EE410A04F11C0000F0E9FA94ED95
:10C30000120A84ED030A94ED110A84ED040A94EDF7
:10C31000070A84ED050AC4ED068ABDEC0A8B10BD40
:10C320000000000080ED080AC0ED090A80ED0A1A3D
:10C33000C0ED0B1A80ED0C2AC0ED0D2A80ED003AFD
:10C34000C0ED013A80ED0E4AC0ED0F4A80ED105A63
:10C350000172704790ED070A704780ED120A70472E
:10C360009FED220A80ED030A9FED200A80ED040A6A
:10C370009FED1E0A80ED050A9FED1C0A80ED060A5E
:10C380009FED1A0A80ED070A9FED180A80ED080A52
:10C390009FED160A80ED090A9FED140A80ED0A0A46
:10C3A0009FED120A80ED0B0A9FED100A80ED0C0A3A
:10C3B0009FED0E0A80ED0D0A9FED0C0A80ED0E0A2E
:10C3C0009FED0A0A80ED0F0A9FED080A80ED100A22
:10C3D0009FED060A80ED110A9FED040A80ED120A16
:10C3E0009FED020A80ED130A704700000000000074
:10C3F00010B52DED028BB0EE408BF0EE680AB0EE7A
:10C40000480A00F08FF9BDEC028B10BD10B52DED80
:10C41000028BB0EE408AB0EE480A00F0DBF9BDECCA
:10C42000028B10BD4100080218BF04200A0E18BF7D
:10C4300040F001004FF07F4232EA010108BF40F0B6
:10C440000200012808BF052070472DE9F0411C4675
:10C4500017460E00804607D0054602E02846B04742
:10C460003D442046641EF9D24046BDE8F0810000FC
:10C4700070B54FF068422DED048BF0EE408A18EE57
:10C48000900AB0EE608A18EE101A02EB4003B3F186
:10C49000654F3CBF02EB4102B2F1654F7DD200BF58
:10C4A000C0F3C753C1F3C7529A1A1B2A09DD10F013
:10C4B000004F14BF9FED830A9FED830ABDEC048BF0
:10C4C00070BD12F11A0F36DA11F0004F09D010F0DA
:10C4D000004F0CBF9FED7D0A9FED7D0ABDEC048BE4
:10C4E00070BD88EE889A19EE100AFFF79BFF0428AA
:10C4F00008BF00F097F918EE900AFFF793FF054682
:10C5000018EE100AFFF78EFF044619EE100AFFF727
:10C5100089FF042D18BF052D08D1042C18BF052C48
:10C5200004D1002804BF0220F4F781F8B0EE490AD4
:10C53000BDEC048B70BD4200B2EB410F3AD910F054
:10C54000004F19BFDFED630A9FED630ADFED630A59
:10C550009FED630AB0EE481A0A46B1EE688A80F091
:10C560000041F0EE418A10460A1A5200B2F1807F73
:10C5700034D2484010F0004FDFED5A1A9FED5A2A8E
:10C580001DBF9FED5A1A70EEE10A30EE420A9FED90
:10C59000581A08BF70EEA10A00E040E008BF30EE74
:10C5A000020AB0EE682A01EE482A08EE818AC2EE3D
:10C5B000081A15E011F0004F04BF9FED4E0AF0EE8F
:10C5C000400AD1D010F0004F19BFDFED4B0A9FEDAC
:10C5D0004B0ADFED4B0A9FED4B0AC5E7C8EE881A00
:10C5E00021EEA11A9FED482ADFED482A41EE022AEA
:10C5F0009FED472A01EE222ADFED462A41EE022A6C
:10C600009FED452ABDEC048B01EE222A21EE811A12
:10C6100001EE020A30EE210A30EE200A70BD4FF022
:10C620007F42B2EB400F28BFB2EB410F09D2F0EED0
:10C63000480AB0EE680ABDEC048BBDE8704000F01B
:10C64000E6B840EA01035B0008BF41F0FF410BD0B0
:10C65000B2EB400F08BFB2EB410F08D120F0804091
:10C6600008EE900A21F0804108EE101A18E7B2EBAC
:10C67000400F12BF5FEA410340F0FF4001F000416C
:10C680003FF40EAFB2EB410F12BF5FEA400200F081
:10C69000004041F0FF413FF403AF4A0092EA4003FB
:10C6A0003FF5FEAE002AACBF9FED1C0A9FED1C0AB1
:10C6B00068EE808A28EE008A18EE900A18EE101AAA
:10C6C000EEE60000DB0FC9BFDB0FC93FDB0F4940BF
:10C6D000DB0F49C00000C9BF22AAFDB90000C93F55
:10C6E00022AAFD390060ED3EC30ACE37000000BF2C
:10C6F0000000003F00000000000049C022AA7DBAEF
:10C700000000494022AA7D3A2DAD65BD8FB8D53DC8
:10C710000FB511BE61C84C3EA8AAAABE0000804F4A
:10C720000000802F10B52DED028BF0EE408A18EE40
:10C73000900AB0EE608A20F00040C0F1FF40C00FC8
:10C7400007D118EE100A20F00040C0F1FF40C00FE2
:10C750002BD018EE101A18EE900A00F07FF900EEB8
:10C76000100A10EE100A6FEAD05010F0FF0F04BF4D
:10C77000BDEC028B10BD18EE900A00F0004110EEE7
:10C78000100A00F00040814204BFBDEC028B10BDD6
:10C7900018EE101A10EE100ABDEC028B61F31E00A9
:10C7A00000EE900A30EE600A10BD18EE900A4FF0CD
:10C7B0007F41B1EB400F1CBF18EE100A5FEA40004A
:10C7C000C7D10120F3F733FFBDEC028BBDE8104069
:10C7D00000F020B810B52DED028BB1EEC08A18EE36
:10C7E000100A20F00040C0F1FF40C00F0AD010EE48
:10C7F000100A20F00040C0F1FF40C00F04BF01202C
:10C80000F3F715FFB0EE480ABDEC028B10BD30EE19
:10C81000200A7047DFED020A80EEA00A7047000090
:10C82000000000009FED020A20EE000A70470000A1
:10C830000000001010B5124C9FED120A04F15800D0
:10C8400084ED020A9FED100A84ED030A002121669F
:10C850006166A166E1660183418301774177817753
:10C86000C1775830FDF70EFFA0F1B004022084F824
:10C870007408002084F87508012084F8760810BD3B
:10C880000C1E00240000804400002544F6F70AFF37
:10C89000FCF730F8FAF788FCFAF76CFBFAF7DAFDE8
:10C8A000FAF7B0FBFAF762FDFAF720FDFAF7F0FBB2
:10C8B000FAF734FCFAF706FEFAF774FEFAF73CFED4
:10C8C000FAF792FDFBF71CF801E0FBF783F8FCE7B1
:10C8D000B0EE401A90ED000AB4EEC10AF1EE10FA83
:10C8E00002D280ED001A08E090ED000AB4EEE00AF2
:10C8F000F1EE10FA01DDC0ED000A90ED000A70477C
:10C9000010B52DED048BB0EE409AB0EE608AF0EEDB
:10C91000000A88EE200A30EE090AF0EE409AF0EEA6
:10C92000480AFFF765FDF0EE408AF5EEC08AF1EEA9
:10C9300010FA03D238EE880AF0EE408AF0EE000AD0
:10C9400088EE200A38EEC00ABDEC048B10BDF0EE74
:10C95000400AF5EEC00AF1EE10FA00BFB1EE600A2F
:10C9600030FE800A70474FF07E5209E011F000421D
:10C9700004D54042C1F1000138BF491E42F07E5249
:10C980000B0002F1706212BF20235FEA00017047C2
:10C99000B1FA81FCA3EB0C0301FA0CF120FA03FCC1
:10C9A00002EBC352C3F1200341EA0C0110FA03FC6D
:10C9B0005CEA416C42EB112018BF5FF0806C28BF2D
:10C9C00020F0010070470EF1020E2EF0030E5EF80B
:10C9D000044B244204D44FEA4102B2F17F4F11D8F4
:10C9E0004FEA4003B3F17F4F0CD80ED14FEAD07C11
:10C9F000B2F17F4F0CEB4C0C0CF1020C08BF4CEB6E
:10CA0000D17C04E04FF0080C01E04FEAD17C0CEB44
:10CA10004C0324FA03F404F00704B4F1040C06D226
:10CA20000EEB840CBDE810404CF0010C6047DFE8D1
:10CA30000CF0070802024FF00040A0F5800010BD86
:10CA40000846420018BFD2F1807288BF00F0004053
:10CA500010BD4FF04070E1EE100A70474FF07F4C70
:10CA60003CEA410318BF3CEA400200F062804FF408
:10CA70007F0C10F0004F0CEAD11318BF43F00503F0
:10CA80001CEAD01218BF13EA0C0F00F057804FF0C9
:10CA9000004C4CEA00204CEA0121A3F580339A4275
:10CAA00010DDB0F1004F23F0020306D3401A43F02B
:10CAB0000203BCBF404283F001034FEA4000A2F5ED
:10CAC0008032ECE74FEA224CBCEB234F08DB884274
:10CAD00006D31CD0A0EB4100C0F1000083F001039D
:10CAE00040001DD217D40DD0B0FA80FC0CF1010C1F
:10CAF00000FA0CF0A2EB0C42D2F1000C12DB4FEA70
:10CB0000C37070474FEA437000F00040704713F065
:10CB1000020FE5D0DEE7B2F580324FEA4000EBDDF0
:10CB2000002AE9DD4FEAC21242EA502040EAC3700F
:10CB3000704710B5FFF747FFEDFFFF3E1CEAD11F1E
:10CB400002D000F000407047004870470000C07FEE
:10CB50000006101600061016000102030405060761
:10CB6000080C1014182030400000000000000000E5
:10CB700000000000000000000000000001000000B4
:10CB8000020000000300000004000000000000009C
:10CB90000500000000000000000000000000000090
:10CBA000060000000000000000000000000000007F
:10CBB00007000000010002000400060008000A004F
:10CBC0000C00100020004000800000010101010362
:10CBD0000701000008040204080101010000000030
:10CBE0000102030401020304060708090000000013
:10CBF000000000000000000000000000000040BF36
:10CC0000333313C0333313400000403F0000404033
:10CC10000000404000004040000040400000000094
:10CC20000000000000000000000000006666A63F53
:10CC30006666A63F6666A63F6666A63F00000000E1
:10CC400000000000000000000000000000000000E4
:10CC50009B38D93E9B38D93E9B38D93E9B38D93E2C
:10CC600000000000920E493CB10AC93C2BC3163D9E
:10CC70002EFB483D752B7B3D04A9963D80B6AF3D0C
:10CC800036BDC83D2FBCE13D73B2FA3D87CF093EAA
:10CC90008340163EB5AB223EA2102F3ECF6E3B3EE8
:10CCA000C2C5473E0115543E135C603E7F9A6C3E00
:10CCB000CCCF783EC07D823E938E883E229A8E3EB7
:10CCC00032A0943E86A09A3EE59AA03E128FA63EE0
:10CCD000D47CAC3EEF63B23E2A44B83E491DBE3E12
:10CCE00015EFC33E53B9C93ECA7BCF3E4136D53E50
:10CCF00080E8DA3E4F92E03E7533E63EBBCBEB3E3A
:10CD0000EA5AF13ECBE0F63E275DFC3EE4E7003F09
:10CD10003D9C033F824B063F9BF5083F6B9A0B3FC0
:10CD2000DA390E3FCDD3103F2A68133FD9F6153FAD
:10CD3000C07F183FC6021B3FD17F1D3FCBF61F3F70
:10CD40009967223F25D2243F5636273F1594293F25
:10CD50004AEB2B3FDE3B2E3FBB85303FC9C8323FFD
:10CD6000F304353F233A373F4268393F3B8F3B3F1F
:10CD7000F9AE3D3F67C73F3F70D8413F01E2433FB7
:10CD800003E4453F65DE473F12D1493FF8BB4B3FC7
:10CD9000029F4D3F207A4F3F3D4D513F4918533F31
:10CDA00031DB543FE595563F5348583F6AF2593FAF
:10CDB0001A945B3F532D5D3F05BE5E3F2146603FA9
:10CDC00097C5613F5A3C633F59AA643F880F663F4D
:10CDD000D86B673F3CBF683FA7096A3F0C4B6B3F6E
:10CDE0005E836C3F93B26D3F9ED86E3F73F56F3F8D
:10CDF0000809713F5213723F4714733FDD0B743FB4
:10CE00000BFA743FC6DE753F07BA763FC58B773F96
:10CE1000F853783F9812793F9DC7793F02737A3F64
:10CE2000BE147B3FCDAC7B3F283B7C3FC9BF7C3FE2
:10CE3000AC3A7D3FCCAB7D3F23137E3FB0707E3F4D
:10CE40006DC47E3F580E7F3F6D4E7F3FAB847F3F6A
:10CE50000FB17F3F97D37F3F43EC7F3F11FB7F3F75
:10CE60000000803F11FB7F3F43EC7F3F97D37F3F24
:10CE70000FB17F3FAB847F3F6D4E7F3F580E7F3FAA
:10CE80006DC47E3FB0707E3F23137E3FCCAB7D3FB1
:10CE9000AC3A7D3FC9BF7C3F283B7C3FCDAC7B3F5C
:10CEA000BE147B3F02737A3F9DC7793F9812793F4A
:10CEB000F853783FC58B773F07BA763FC6DE753F9C
:10CEC0000BFA743FDD0B743F4714733F5213723FEC
:10CED0000809713F73F56F3F9ED86E3F93B26D3F67
:10CEE0005E836C3F0C4B6B3FA7096A3F3CBF683FBA
:10CEF000D86B673F880F663F59AA643F5A3C633F2F
:10CF000097C5613F2146603F05BE5E3F532D5D3FA3
:10CF10001A945B3F6AF2593F5348583FE595563F94
:10CF200031DB543F4918533F3D4D513F207A4F3F2D
:10CF3000029F4D3FF8BB4B3F12D1493F65DE473F53
:10CF400003E4453F01E2433F70D8413F67C73F3F9D
:10CF5000F9AE3D3F3B8F3B3F4268393F233A373F75
:10CF6000F304353FC9C8323FBB85303FDE3B2E3F1F
:10CF70004AEB2B3F1594293F5636273F25D2243FB5
:10CF80009967223FCBF61F3FD17F1D3FC6021B3F53
:10CF9000C07F183FD9F6153F2A68133FCDD3103F05
:10CFA000DA390E3F6B9A0B3F9BF5083F824B063FE9
:10CFB0003D9C033FE4E7003F275DFC3ECBE0F63EAF
:10CFC000EA5AF13EBBCBEB3E7533E63E4F92E03E74
:10CFD00080E8DA3E4136D53ECA7BCF3E53B9C93EE2
:10CFE00015EFC33E491DBE3E2A44B83EEF63B23E34
:10CFF000D47CAC3E128FA63EE59AA03E86A09A3E17
:10D0000032A0943E229A8E3E938E883EC07D823E10
:10D01000CCCF783E7F9A6C3E135C603E0115543E47
:10D02000C2C5473ECF6E3B3EA2102F3EB5AB223E5F
:10D030008340163E87CF093E73B2FA3D2FBCE13DD7
:10D0400036BDC83D80B6AF3D04A9963D752B7B3DEE
:10D050002EFB483D2BC3163DB10AC93C920E493CFC
:10D0600000000000920E49BCB10AC9BC2BC316BD1A
:10D070002EFB48BD752B7BBD04A996BD80B6AFBD08
:10D0800036BDC8BD2FBCE1BD73B2FABD87CF09BEA6
:10D09000834016BEB5AB22BEA2102FBECF6E3BBEE4
:10D0A000C2C547BE011554BE135C60BE7F9A6CBEFC
:10D0B000CCCF78BEC07D82BE938E88BE229A8EBEB3
:10D0C00032A094BE86A09ABEE59AA0BE128FA6BEDC
:10D0D000D47CACBEEF63B2BE2A44B8BE491DBEBE0E
:10D0E00015EFC3BE53B9C9BECA7BCFBE4136D5BE4C
:10D0F00080E8DABE4F92E0BE7533E6BEBBCBEBBE36
:10D10000EA5AF1BECBE0F6BE275DFCBEE4E700BF05
:10D110003D9C03BF824B06BF9BF508BF6B9A0BBFBC
:10D12000DA390EBFCDD310BF2A6813BFD9F615BFA9
:10D13000C07F18BFC6021BBFD17F1DBFCBF61FBF6C
:10D14000996722BF25D224BF563627BF159429BF21
:10D150004AEB2BBFDE3B2EBFBB8530BFC9C832BFF9
:10D16000F30435BF233A37BF426839BF3B8F3BBF1B
:10D17000F9AE3DBF67C73FBF70D841BF01E243BFB3
:10D1800003E445BF65DE47BF12D149BFF8BB4BBFC3
:10D19000029F4DBF207A4FBF3D4D51BF491853BF2D
:10D1A00031DB54BFE59556BF534858BF6AF259BFAB
:10D1B0001A945BBF532D5DBF05BE5EBF214660BFA5
:10D1C00097C561BF5A3C63BF59AA64BF880F66BF49
:10D1D000D86B67BF3CBF68BFA7096ABF0C4B6BBF6A
:10D1E0005E836CBF93B26DBF9ED86EBF73F56FBF89
:10D1F000080971BF521372BF471473BFDD0B74BFB0
:10D200000BFA74BFC6DE75BF07BA76BFC58B77BF92
:10D21000F85378BF981279BF9DC779BF02737ABF60
:10D22000BE147BBFCDAC7BBF283B7CBFC9BF7CBFDE
:10D23000AC3A7DBFCCAB7DBF23137EBFB0707EBF49
:10D240006DC47EBF580E7FBF6D4E7FBFAB847FBF66
:10D250000FB17FBF97D37FBF43EC7FBF11FB7FBF71
:10D26000000080BF11FB7FBF43EC7FBF97D37FBF20
:10D270000FB17FBFAB847FBF6D4E7FBF580E7FBFA6
:10D280006DC47EBFB0707EBF23137EBFCCAB7DBFAD
:10D29000AC3A7DBFC9BF7CBF283B7CBFCDAC7BBF58
:10D2A000BE147BBF02737ABF9DC779BF981279BF46
:10D2B000F85378BFC58B77BF07BA76BFC6DE75BF98
:10D2C0000BFA74BFDD0B74BF471473BF521372BFE8
:10D2D000080971BF73F56FBF9ED86EBF93B26DBF63
:10D2E0005E836CBF0C4B6BBFA7096ABF3CBF68BFB6
:10D2F000D86B67BF880F66BF59AA64BF5A3C63BF2B
:10D3000097C561BF214660BF05BE5EBF532D5DBF9F
:10D310001A945BBF6AF259BF534858BFE59556BF90
:10D3200031DB54BF491853BF3D4D51BF207A4FBF29
:10D33000029F4DBFF8BB4BBF12D149BF65DE47BF4F
:10D3400003E445BF01E243BF70D841BF67C73FBF99
:10D35000F9AE3DBF3B8F3BBF426839BF233A37BF71
:10D36000F30435BFC9C832BFBB8530BFDE3B2EBF1B
:10D370004AEB2BBF159429BF563627BF25D224BFB1
:10D38000996722BFCBF61FBFD17F1DBFC6021BBF4F
:10D39000C07F18BFD9F615BF2A6813BFCDD310BF01
:10D3A000DA390EBF6B9A0BBF9BF508BF824B06BFE5
:10D3B0003D9C03BFE4E700BF275DFCBECBE0F6BEAB
:10D3C000EA5AF1BEBBCBEBBE7533E6BE4F92E0BE70
:10D3D00080E8DABE4136D5BECA7BCFBE53B9C9BEDE
:10D3E00015EFC3BE491DBEBE2A44B8BEEF63B2BE30
:10D3F000D47CACBE128FA6BEE59AA0BE86A09ABE13
:10D4000032A094BE229A8EBE938E88BEC07D82BE0C
:10D41000CCCF78BE7F9A6CBE135C60BE011554BE43
:10D42000C2C547BECF6E3BBEA2102FBEB5AB22BE5B
:10D43000834016BE87CF09BE73B2FABD2FBCE1BDD3
:10D4400036BDC8BD80B6AFBD04A996BD752B7BBDEA
:10D450002EFB48BD2BC316BDB10AC9BC920E49BCF8
:10D460000000008088D4000800000024BC010000F7
:10D470000803000898D40008BC0100242C2B0000ED
:10D4800044030008B1F3FFFF914210520108FF90DE
:08D49000D0030090D00301A7B6
:04000005080002CD20
:00000001FF
